x,y,orientation
4.2027841796875,0.0787032241821289,-3.141592502593994
4.198504368890064,0.07412018938410894,-3.141592502593994
4.185163257882892,0.05850122539263912,-3.141592502593994
4.158049581988446,0.01613945578903385,-3.141592502593994
4.1598379220478305,-0.03748799752482817,3.1407406330108643
4.204053745579724,-0.06412701086330576,3.138169527053833
4.1889360668303315,-0.06267722108027722,3.138634443283081
4.189223201979453,0.006371668663945398,3.130490064620972
4.230419869670143,0.07575259204349997,3.133518934249878
4.229176204919577,0.08160633724375556,3.1355597972869877
4.227387305661033,0.01809742326103819,3.1358776092529297
4.226063151279858,-0.0172137701363795,3.1313979625701904
4.2130429112269585,-0.03289953832942327,3.133216857910156
4.206962680321866,-0.024756619568978542,3.1282622814178467
4.20952208351819,-0.013240999940331028,3.129586935043335
4.218905990479186,-0.0387320210793592,3.126225709915161
4.197737977780196,-0.06283595562635448,3.12772536277771
4.198283219602285,-0.0781137810699485,3.124875068664551
4.207808075624968,-0.1033116497718262,3.124861478805542
4.16671077489479,-0.09240854244932627,3.1215977668762207
4.133076653144221,-0.03948988881926205,3.1214277744293213
4.120856878153428,0.019100929343671504,3.121344566345215
4.145902471360623,0.022539465813820637,3.126668930053711
4.193074842762959,-0.005138632223033351,3.1265013217926025
4.154394895716641,-0.031065047083502398,3.1298274993896484
4.085232425428278,-0.080533077879241,3.1308722496032715
4.047288747366971,-0.1232837109257361,3.1289079189300537
4.024284068810598,-0.1434631016221745,3.1277945041656494
4.0303021278779685,-0.13935108288130835,3.1246938705444336
4.038953310127644,-0.13482435452158975,3.127563953399658
4.045897902341571,-0.11611830485916226,3.128803253173828
4.058414736879482,-0.08698543348528842,3.1298511028289795
4.026574038326029,-0.11893395835381594,3.133507490158081
3.986550008808815,-0.15836618646344225,3.132596254348755
3.9864407932637462,-0.15128345395239765,3.126739025115967
3.9807312432186297,-0.13520629510776463,3.126028537750244
3.943273775853986,-0.123207497301689,3.1214513778686523
3.9233249092891107,-0.14909412095532049,3.1247265338897705
3.9089910501908576,-0.14880300580500494,3.122896671295166
3.8933030928554913,-0.14492817384829465,3.1227521896362305
3.8663283999013482,-0.1757992580701355,3.120907783508301
3.833599740248581,-0.18851574213202982,3.1210832595825195
3.836938109561796,-0.2132225598570958,3.118392944335937
3.8591830661039257,-0.27524137510995395,3.1130826473236084
3.8883979437996974,-0.29136033852233606,3.106239318847656
3.8898468487347753,-0.2866650938225975,3.101661205291748
3.8414350981525134,-0.29405373499033144,3.0956461429595947
3.7990627755287503,-0.31371022488968864,3.0961387157440186
3.768118615861257,-0.3020167039709475,3.0923445224761963
3.742251726381494,-0.2833010839940282,3.090423583984375
3.714458313271429,-0.275507828822291,3.088900327682495
3.6860153617100453,-0.2644533155015108,3.088560104370117
3.6575411050985243,-0.25209911719916894,3.079913854598999
3.612072920628875,-0.2558343924799923,3.082509279251098
3.5536322661930977,-0.23671213521239476,3.079500436782837
3.6036582619548883,-0.28835466964934875,3.0811424255371094
3.666914521332504,-0.3673808438770317,3.0737125873565674
3.6535241827993823,-0.3963681516877696,3.070970296859741
3.5387633759173016,-0.35626699301399195,3.0693862438201904
3.4205768313428075,-0.3509459662592172,3.068950653076172
3.428032010181892,-0.4293157216246449,3.069094181060791
3.4686008511279147,-0.4993116076986618,3.066401243209839
3.4350801459940596,-0.5409485076533461,3.062610626220703
3.3976980048588437,-0.5472443449686164,3.0582234859466557
3.3830061420847737,-0.5418781281336905,3.049616813659668
3.3917230609706555,-0.5345157748450692,3.0445799827575684
3.386965787701068,-0.5757738220154192,3.037758111953736
3.3014658398787367,-0.6565150809743246,3.0351362228393555
3.2105715125622387,-0.6535722261500536,3.0281269550323486
3.180827998167992,-0.6516817324315594,3.0250306129455566
3.1283009818472376,-0.6273593023196665,3.012683868408203
3.0618165884974653,-0.5820809431014775,3.008538722991944
3.106844501529133,-0.5974479119537555,3.002124309539795
3.148526146939443,-0.6386159483896333,2.9953579902648926
3.1355576906726217,-0.6966833544454947,2.995444059371948
3.076574809590506,-0.7262243261660268,2.987046957015991
3.0181585257283494,-0.7518392340191412,2.980739116668701
2.9395793471549903,-0.7587828816849141,2.978034257888794
2.8988573323637747,-0.7552738711395227,2.971524477005005
2.8820651875702685,-0.7691305179725393,2.968538999557495
2.8960342474608733,-0.7754370258358712,2.957927703857422
2.893631689295216,-0.808925623584533,2.9499945640563965
2.8388353945550517,-0.8450529441465271,2.942436933517456
2.814809661781751,-0.8224338572254539,2.9333200454711914
2.8530602191121504,-0.8037228106292795,2.920719861984253
2.8394246173478397,-0.8758919049890151,2.914403915405273
2.7852223758254016,-0.9634926560401676,2.909961938858032
2.7541954852277972,-1.0526764783495033,2.9054715633392334
2.735838758340249,-1.1239112348137672,2.892167091369629
2.687999617267881,-1.1629239064161203,2.8829004764556885
2.627058426539471,-1.100451982349905,2.86213755607605
2.604221292681233,-1.0457436609771398,2.8514859676361084
2.6383525003951944,-1.055344606722023,2.845691442489624
2.6806266666907277,-1.0367253509281513,2.827639102935791
2.6445273579681268,-0.9897087655204265,2.801146984100342
2.573947296053133,-0.9469392388814838,2.780743360519409
2.5502605704226093,-0.9210778252086181,2.766352415084839
2.5554715396352,-0.9662028673434806,2.753633975982666
2.5723484857230385,-1.0790677048762507,2.7450129985809326
2.550872915748568,-1.1576073110809677,2.7346625328063965
2.502030358690544,-1.1405891758662532,2.7256147861480717
2.489921079090903,-1.1056928978371505,2.723222255706787
2.509513029464623,-1.0708390733633912,2.7210402488708496
2.5962561294208024,-1.066925649781134,2.716810464859009
2.615174188519964,-1.0989626631496798,2.71778416633606
2.504629567151218,-1.061126285984118,2.710599184036255
2.408249344806214,-1.0361780409632084,2.7086472511291504
2.3886821793341824,-1.0996215559645879,2.713251829147339
2.476851117207329,-1.1209448805576816,2.7083499431610107
2.5643021665212897,-1.0909789511371526,2.7074010372161865
2.59651818899369,-1.1165023914666654,2.7128355503082275
2.5756836922062516,-1.1637505765995486,2.70936918258667
2.541732984003276,-1.1534424489051904,2.700711727142334
2.516804127047242,-1.1455393896556294,2.699054956436157
2.52515818354161,-1.1535657457274773,2.693564176559448
2.5508870614213044,-1.1101732076406123,2.684730291366577
2.5399013604801546,-1.0544488986180978,2.681140422821045
2.5030145976659894,-1.10088547475963,2.684854507446289
2.486088516432094,-1.1688449865815445,2.6839492321014404
2.4697827466578466,-1.0918736445951314,2.6760072708129883
2.4755233157102703,-0.9971462176329962,2.67022705078125
2.487357982028835,-0.9799244000323043,2.6724929809570312
2.4788372233163285,-1.0373944327977451,2.680660963058472
2.491528558409339,-1.069821284922458,2.6822168827056885
2.5419180458150024,-1.0877848965980585,2.683768510818481
2.5722234531170436,-1.1144913272236396,2.6857705116271973
2.534799052826326,-1.0520893225644214,2.684897184371948
2.4784037025631327,-0.9916291668206393,2.690250396728516
2.5255534917328633,-1.0454710079296055,2.694319248199463
2.573612048420795,-1.1671728644997565,2.697629690170288
2.544184631457573,-1.2190776990028866,2.6930365562438965
2.4996150436741824,-1.1930821904779227,2.684218168258667
2.466349363049523,-1.1642203010162562,2.682297468185425
2.46701543981927,-1.107261468177674,2.6801986694335938
2.4497815357089654,-1.0463160465422394,2.680448532104492
2.382141080227286,-1.01161870394811,2.6836535930633545
2.412518806241852,-0.9951969563989753,2.685680627822876
2.492795254631493,-1.0457327263933556,2.687295198440552
2.5144075117432307,-1.0877782184232963,2.688838243484497
2.4704288760350512,-1.069517106399128,2.686643123626709
2.4278793432218975,-1.034518197454662,2.693347692489624
2.4195494608109405,-1.0298878700249166,2.6930172443389893
2.442029093925595,-1.0791245986042595,2.6966238021850586
2.487847019673839,-1.0939941708321033,2.691944360733032
2.5026123386636376,-1.1246642365440662,2.6927599906921387
2.4583930310954054,-1.0793219517468151,2.691629648208618
2.453397264404365,-0.9909067024789896,2.6858410835266118
2.5401275009840103,-1.038290310708272,2.6901350021362305
2.584198520683351,-1.1368613142280015,2.689800977706909
2.566878451038545,-1.1527117848328565,2.693469524383545
2.5768899759211874,-1.1616906204005788,2.698072910308838
2.5461634685520886,-1.1606308623568073,2.6933865547180176
2.482134687857235,-1.1434518729195147,2.6921682357788086
2.4712141104954704,-1.1136561165475574,2.6839940547943115
2.4637891133208445,-1.0961353343325007,2.684218168258667
2.454727471950971,-1.0417962141600778,2.683478593826294
2.482413804127693,-0.9948029792590313,2.688306331634521
2.4795123779188133,-1.0129935163280201,2.695443868637085
2.4595364803902493,-1.0905814824890534,2.699719190597534
2.4511595198844556,-1.1555220775672723,2.6957294940948486
2.4720617836665357,-1.1676601846674088,2.6921427249908447
2.51259912459025,-1.109582179791352,2.6921427249908447
2.4994114707111272,-1.0753346061795437,2.690526247024536
2.507667498962669,-1.1253010354482158,2.6929523944854736
2.527106468905647,-1.1406326283891741,2.6922574043273926
2.5394163744780456,-1.0913274750163318,2.692485809326172
2.493635492120743,-1.1055680404737251,2.6998369693756104
2.458983416999198,-1.0743725591630016,2.699480533599853
2.4845750949783447,-0.9740498170749884,2.6962149143218994
2.5298912767914086,-0.8992830288683523,2.6959517002105717
2.5320649190829254,-0.9346864195212993,2.704482078552246
2.4994354965480956,-1.0142973317613082,2.708078145980835
2.5006520138568322,-1.0855971273119056,2.7111544609069824
2.4724021840468864,-1.0682467261348896,2.704349994659424
2.42201457465552,-1.0426125199406338,2.703395366668701
2.4369298967108675,-1.057888361623754,2.703186273574829
2.4813417089032352,-1.0617976412108119,2.7020764350891118
2.487914114893771,-1.0539606820065226,2.704983711242676
2.5106043398137055,-1.0830582142661875,2.706665515899658
2.5935034236071908,-1.0906935613599287,2.7011492252349854
2.5860995568059066,-1.1159463019392133,2.698448896408081
2.566792040809533,-1.1517373258647432,2.691033124923706
2.588965896666009,-1.1149842938548888,2.6896893978118896
2.5903454812036633,-1.0437212967215699,2.688166856765747
2.525515493570704,-1.0343785219106993,2.6896016597747803
2.4636314629788547,-1.0652380708282347,2.6871142387390137
2.46936342233782,-1.1264131698199515,2.690460205078125
2.526690097295099,-1.1319922006991123,2.6882781982421875
2.551542008194653,-1.0497817332029944,2.682041645050049
2.4866424655462063,-0.9960938492549475,2.685208320617676
2.448440764915482,-1.0000841510426461,2.691446304321289
2.449545101606636,-0.9717868797819732,2.689952850341797
2.375322852417181,-0.9511236699085511,2.697146415710449
2.326612868235105,-0.9419683892526989,2.699699640274048
2.3825238162250097,-1.0010938531988327,2.699603080749512
2.4424697358652034,-1.0864676378177778,2.6998989582061768
2.4543585111418547,-1.1549872245781179,2.694526672363281
2.453529813587731,-1.1935346885988591,2.69361424446106
2.4951243094740936,-1.1462915114689705,2.685753345489502
2.557980827721595,-1.0632009138033371,2.6817331314086914
2.5990224723294797,-1.0626875665484319,2.6843719482421875
2.637506247434147,-1.0937253023826203,2.684246778488159
2.67438297364344,-1.08793210496332,2.6863043308258057
2.5888612455327813,-1.0547612804547204,2.6888930797576904
2.4701729774691827,-1.032602432781522,2.69728422164917
2.4579456988726203,-1.02618269354201,2.696372985839844
2.4879906129645715,-1.0727086609713714,2.7019176483154297
2.5165265325723607,-1.076230909386469,2.7013087272644043
2.5541379153367405,-1.0242498263568298,2.703776836395264
2.548938832094182,-1.0256725570093363,2.7046399116516118
2.493486696146363,-1.0474434700658166,2.710954189300537
2.4532394830906465,-1.0428790945257624,2.7109549045562744
2.427784613904566,-1.0070736034869083,2.7145676612854004
2.443941759034133,-1.0028506049223154,2.712132692337036
2.5025263448868857,-1.0902584174905106,2.7176852226257324
2.55363249083191,-1.0929745020105213,2.715682983398437
2.573523703828803,-1.0868503448166127,2.7153120040893555
2.5329683445163265,-1.1275908400271062,2.720031976699829
2.4786322032099157,-1.1060590593073711,2.7149665355682373
2.4580177488906507,-1.0851037335949307,2.7159135341644287
2.471461794714994,-1.0918493664026314,2.713259696960449
2.510623854901594,-1.1094906181505602,2.706632375717163
2.5214415434856585,-1.1292771528736731,2.702203750610352
2.5046681843743026,-1.1761404797599644,2.704592227935791
2.4999801318706805,-1.188144807168046,2.6978447437286377
2.5222972909526864,-1.1753062762509605,2.692563772201538
2.502710997948395,-1.2025824470574016,2.695330142974853
2.4831596065195334,-1.1850661182797646,2.6898181438446045
2.4870492798006336,-1.1496215268353565,2.6892337799072266
2.454400074684642,-1.1557093094560804,2.690682888031006
2.461761261660549,-1.161698669624677,2.688826322555542
2.4960220432127014,-1.1344319805456455,2.680145502090454
2.4837813226621184,-1.0998595501363446,2.6804325580596924
2.4733409394706714,-1.0637890204844034,2.680795192718506
2.452303299285988,-1.0568677635488455,2.687648057937622
2.4699713604778593,-1.1133953505807626,2.6899445056915283
2.543376747777029,-1.1721785983286406,2.69317626953125
2.552097873186849,-1.1939009138505698,2.688173294067383
2.5348113382138027,-1.1774871493766679,2.6834604740142822
2.5960033936029667,-1.1311288922456404,2.67484188079834
2.5871943992851216,-1.0646849737637525,2.673083066940308
2.5143887106584244,-1.062703439815747,2.6785449981689453
2.51927841470094,-1.1216444843365605,2.6778953075408936
2.5580154102130535,-1.1603521787566247,2.672658920288086
2.515856097054308,-1.1277011178675211,2.6741769313812256
2.5028784786175513,-1.1041903299669469,2.6779282093048096
2.512633140013554,-1.118286309876488,2.680133819580078
2.565280459312749,-1.104570566707781,2.6745615005493164
2.6280191851559978,-1.0658674874098442,2.6742537021636963
2.6071293071539245,-1.110838377293262,2.6781184673309326
2.556207253876082,-1.1577890885357414,2.675894021987915
2.497343152693063,-1.1058375011847792,2.667626142501831
2.455664755782263,-1.0826300019996298,2.666381597518921
2.46377291981468,-1.0944508759735208,2.668983459472656
2.5097452652938754,-1.070198036408725,2.6672279834747314
2.5288753565603095,-1.0499957206032602,2.6720845699310303
2.4902011638894597,-1.0772707179633572,2.6756367683410645
2.486056427618408,-1.0663671000575923,2.675410270690918
2.4912899024122868,-0.9824471097381052,2.6683523654937744
2.501771961246931,-0.9999936505635646,2.6708638668060303
2.4681359018434947,-1.0654021208901228,2.671759366989136
2.5005822099832353,-1.1064927599977046,2.66895055770874
2.5577011392549074,-1.1362903477951716,2.669105529785156
2.5059789611166985,-1.1330543681530676,2.6716973781585693
2.44068005497197,-1.1443967952287308,2.674659490585327
2.3942245149998413,-1.1666898137457842,2.675327777862549
2.3760336009552727,-1.1576468557642343,2.6732606887817383
2.4520225358343106,-1.141067574180685,2.662886142730713
2.5323341407715088,-1.1510965038376622,2.658236503601074
2.486165749694307,-1.1047059389660623,2.6595351696014404
2.386983912299968,-1.1198597591127313,2.662261962890625
2.393833333284032,-1.1929727618002746,2.6660256385803223
2.4524266167946935,-1.1564166870091612,2.661743402481079
2.4621848024847517,-1.094121992674429,2.6599483489990234
2.4668382536532105,-1.0718994314282058,2.6585607528686523
2.4931966393898124,-1.0648603092090239,2.6535260677337646
2.4720820410285045,-1.0649016748928948,2.651275873184204
2.472227784362659,-1.1204835981205084,2.655263662338257
2.516840828102999,-1.1116768070331287,2.6503562927246094
2.52534064919894,-1.078944674884587,2.651303768157959
2.490076773216071,-1.104157691920821,2.651073455810547
2.4102862097390774,-1.0911408397524998,2.6534311771392822
2.4005513263708305,-1.0364058775256537,2.6505258083343506
2.5019384086423413,-1.0779285723590466,2.6563916206359863
2.5616797740267687,-1.0998859468119322,2.6559596061706543
2.5046157405673823,-1.0699084384052722,2.6564276218414307
2.4288346697677707,-1.0504097096143103,2.65909194946289
2.4006096650732545,-1.027897011326341,2.6651408672332764
2.466502910968529,-1.0127299304566069,2.670153856277466
2.562423269764008,-1.0496862834669893,2.6717257499694824
2.517882982270815,-1.089937132796721,2.6773130893707275
2.4827741710551345,-1.063630073576966,2.674941301345825
2.5656822997796107,-1.0867832601140748,2.677844524383545
2.583231521983661,-1.093100667918006,2.6772332191467285
2.5869073451056805,-1.115540496589087,2.67637300491333
2.6186801935784954,-1.1421452911429464,2.6783194541931152
2.61647965069209,-1.1262128338855408,2.6776223182678223
2.566821361569061,-1.0999956520307392,2.677593469619751
2.5221749205362247,-1.0766889489209466,2.6812801361083984
2.523513233459686,-1.0928967205774356,2.677003860473633
2.521417246644621,-1.1552427561059773,2.6786909103393555
2.4794291641652557,-1.1634614132264511,2.677976608276367
2.5027760808067105,-1.1981640721920295,2.6801087856292725
2.5827557311984686,-1.2499320060431252,2.677688837051392
2.563153039206597,-1.1957419399471751,2.665274143218994
2.4620724086947217,-1.1263909643271375,2.659043312072754
2.5050921108119697,-1.1143585714462096,2.6491990089416504
2.5925200335214815,-1.130387766754112,2.6461024284362797
2.607264551186965,-1.1462200136663334,2.651551961898804
2.5678216175130526,-1.1382784108885313,2.65372371673584
2.557784245132793,-1.073768475342019,2.654136657714844
2.5567299103677326,-1.0251240490101052,2.659453868865967
2.5543145801346907,-1.0826094055345044,2.67004919052124
2.522553416730465,-1.127850232114731,2.672837495803833
2.4751105842040233,-1.09936446385332,2.6678898334503174
2.4855597963542797,-1.101211434287297,2.668449640274048
2.4744136770590286,-1.1136263787550675,2.674225330352783
2.456781802389049,-1.0727617265226177,2.670546531677246
2.46570851658537,-1.0733223644373011,2.6725451946258545
2.4773341207984982,-1.1106432873881282,2.6699025630950928
2.476772615614603,-1.1583183246206399,2.6679999828338623
2.493826581785596,-1.1508234900046581,2.665256261825561
2.5421453877631626,-1.123820073617542,2.6601037979125977
2.6064018733856984,-1.1708611117365513,2.6634199619293213
2.5906795050684135,-1.1692760936129323,2.661069631576538
2.5616743774407076,-1.137663603633152,2.663465976715088
2.5733639612804935,-1.1422709023662896,2.6658132076263428
2.54553742747717,-1.1594203527919287,2.670926570892334
2.559891782578293,-1.149745634444351,2.6736416816711426
2.5818168658096767,-1.1311894285444815,2.678100824356079
2.5394893252683146,-1.1300535876480828,2.6779725551605225
2.46945193365283,-1.128864048619866,2.6793761253356934
2.469652629602563,-1.0714760210938172,2.677767038345337
2.479884360811618,-1.031769866652304,2.6837925910949707
2.4436636188669243,-1.045894184408916,2.6858277320861816
2.429343624380379,-1.1026896131465336,2.6883692741394043
2.435561209692686,-1.1523352315974376,2.682458639144897
2.454058564219006,-1.1412036821612137,2.6795907020568848
2.4583204545327835,-1.1150089805770005,2.6730329990386963
2.441220429662517,-1.132457176647846,2.673375606536865
2.433881307467207,-1.1362404786107112,2.6744885444641118
2.431610281425972,-1.0996350923071199,2.669719219207764
2.418440330251269,-1.1246427427933894,2.673436164855957
2.4239985313033197,-1.168086149751128,2.672263860702514
2.458223886282513,-1.197990995570641,2.6705000400543213
2.5462099559997067,-1.2276028401624834,2.6713154315948486
2.5925258514223577,-1.1867089637100752,2.671478271484375
2.6147189329206375,-1.0988047373929652,2.6753296852111816
2.6465647290825873,-1.072988032073747,2.678091287612915
2.6008624846971666,-1.1171065144307706,2.6847681999206543
2.57134365293996,-1.1442716018456127,2.6890804767608643
2.570157943689804,-1.115363635530458,2.6964986324310303
2.5876297724879342,-1.0683882372703704,2.6946651935577397
2.6367424973166522,-1.113146257154038,2.699756622314453
2.642306114405738,-1.1646356973991308,2.699500322341919
2.5830378104765224,-1.169608129975286,2.6962218284606934
2.5354612967540606,-1.1298752543922115,2.6961824893951416
2.4757887892048016,-1.0877088483129993,2.6983981132507324
2.414775828506268,-1.0782055530622099,2.696225643157959
2.5022236765826134,-1.0831017890051737,2.69378399848938
2.5951274064186736,-1.0956987838130945,2.698138475418091
2.5687371637634064,-1.1301311608832048,2.7003729343414307
2.498224394315162,-1.119828729541932,2.7038705348968506
2.4757285851110673,-1.089608296131783,2.7011587619781494
2.500334583298675,-1.1081569355131686,2.6965999603271484
2.520305054218121,-1.1547956752413826,2.6941659450531006
2.5207996717364396,-1.1694709812326702,2.688154697418213
2.497464470759115,-1.1753448839427283,2.6919262409210205
2.516964771875869,-1.1783542717592261,2.6902215480804443
2.541750534298406,-1.1961884574636164,2.691303968429565
2.5678427383655,-1.1858514666810231,2.6852972507476807
2.6012989239672595,-1.1947468286084328,2.683487892150879
2.621421957070856,-1.179181014485812,2.6819217205047607
2.620278976995171,-1.1689887954882596,2.687264442443848
2.644521655329416,-1.2262478050645793,2.685173988342285
2.6539893082680024,-1.2777624667643237,2.6834166049957275
2.602580656118204,-1.2416734369074023,2.685516357421875
2.5537999643760116,-1.1579685619997053,2.6783905029296875
2.530417473114735,-1.1345247012865323,2.6776602268218994
2.463592306162617,-1.194802785175886,2.676965713500977
2.410509967815343,-1.251368471947901,2.673989534378052
2.451625675862185,-1.2330852822302292,2.674344539642334
2.4864461504448423,-1.1481806328536779,2.672180414199829
2.458271347520693,-1.0868895419010456,2.673731803894043
2.4449553347341615,-1.0996577950258977,2.677802801132202
2.483997589827381,-1.2007655655131633,2.6817548274993896
2.5452917981653416,-1.2215635471672357,2.6759352684021
2.5734141285193832,-1.1783843092406447,2.6750080585479736
2.5676909330971123,-1.1420856616479544,2.673037528991699
2.537912982723982,-1.1348612413038146,2.6697194576263428
2.509578026604637,-1.0977556264374775,2.6705946922302246
2.5258686929798855,-1.0305881282014675,2.6765077114105225
2.558826628602167,-1.0194130415621885,2.679550170898437
2.543783794295463,-1.0704067527321386,2.6851301193237305
2.5004022544266773,-1.0949542880132432,2.687849998474121
2.470921927688578,-1.088469834084836,2.6854653358459477
2.4558553061324853,-1.0886333478214116,2.6838176250457764
2.4640615897431686,-1.1117948665592239,2.6834115982055664
2.5104340554379774,-1.118149419795595,2.6783413887023926
2.579166383384286,-1.0958708612748718,2.670276165008545
2.604471922880892,-1.1583322304328056,2.667107582092285
2.5894962868864195,-1.2684917892774985,2.6702215671539307
2.561008975037046,-1.2358465619357002,2.664315223693848
2.5410405661245794,-1.1672144190241256,2.6645236015319824
2.525343421276011,-1.1682943332801647,2.6606791019439697
2.550864127827072,-1.160751278872544,2.662712812423706
2.544868536553289,-1.1639892605518616,2.663140296936035
2.4882650448774193,-1.2269937290962414,2.664907455444336
2.45502314978775,-1.2420829219555194,2.65934157371521
2.444209379347851,-1.2330778373941074,2.654570817947388
2.4203448663412623,-1.2321516157120678,2.656202793121338
2.4626501821998743,-1.164380084676756,2.651700973510742
2.483194242546695,-1.0542414373968954,2.653812885284424
2.4573755552424337,-0.9846744272284236,2.662263870239258
2.4362622922640207,-1.0184182706844658,2.662473440170288
2.4612769266582237,-1.1021387017122986,2.6638009548187256
2.4886778578401554,-1.173428235171433,2.662935733795166
2.45311953683546,-1.2365658799060277,2.657264947891236
2.4393694587813366,-1.217694967888877,2.656905174255371
2.522796786540073,-1.1060086092573373,2.649619579315185
2.59556796560889,-1.0468257553886793,2.650560140609741
2.6713221037365313,-1.0655912485197978,2.656930685043335
2.6759542454126057,-1.0801289625811028,2.658311367034912
2.5738019125299894,-1.0936394583329896,2.661299467086792
2.5100103177819886,-1.081748011511331,2.6584789752960205
2.474136575170163,-1.0900640922203828,2.6619110107421875
2.4201130943888556,-1.1202777465705471,2.661445379257202
2.4151962056232135,-1.1289859506362476,2.660612106323242
2.500105504989903,-1.1142682702037618,2.6601967811584477
2.5893162320124468,-1.1063699172882888,2.664332866668701
2.585008639490893,-1.0550091677843412,2.665732860565185
2.579556075565195,-1.0514863323323373,2.6730949878692627
2.567686933025744,-1.1002053825982787,2.682971239089966
2.5526007473807097,-1.1662470931294482,2.6860556602478027
2.5727767543338405,-1.2272768467608444,2.683248519897461
2.559876091403027,-1.2139040625448418,2.676262378692627
2.4865703479560324,-1.1817087211223505,2.6745338439941406
2.482320755553495,-1.1912836315263549,2.6664185523986816
2.4803244215957676,-1.1573069718349356,2.663470506668091
2.470731130241268,-1.0504992340412598,2.657489061355591
2.5036947060219963,-1.048357470640555,2.660167694091797
2.5167357075580314,-1.114108848051073,2.6614506244659424
2.496434235511255,-1.1740818442743033,2.663674831390381
2.4941919703518214,-1.1866140141632997,2.6633570194244385
2.535595730040631,-1.1960263081640505,2.658513307571411
2.5181247079533495,-1.223824282807315,2.659376859664917
2.516543112201519,-1.2284883883612172,2.656724452972412
2.5475412290018715,-1.1878579005316476,2.657345056533813
2.5528982328983445,-1.1264630538852953,2.6535160541534424
2.500424176014717,-1.160990145607891,2.657426118850708
2.5046342982153003,-1.2292834002036541,2.6592485904693604
2.478492498814419,-1.1913283811598658,2.658940315246582
2.43002631819207,-1.098115501347934,2.6587159633636475
2.5194763054835367,-1.102032911422082,2.6557908058166504
2.572067501637874,-1.13489041470057,2.659064531326294
2.5375337049057687,-1.1259511273892873,2.6662747859954834
2.4633956316555574,-1.1081350161349457,2.666223287582397
2.460683187635442,-1.1389750278043,2.6742818355560303
2.492864922073337,-1.1923985066490548,2.679312467575073
2.44366451163925,-1.1851491441904092,2.6804702281951904
2.3541146033873894,-1.1632123040610725,2.6760241985321045
2.3040809378041915,-1.221181078640855,2.670542001724243
2.2991497107700556,-1.2431532616669267,2.6669251918792725
2.3780169622319915,-1.1304662452160497,2.659825086593628
2.49270700634929,-1.0516198719235792,2.6635890007019043
2.5362828647869566,-1.122820753474425,2.669651508331299
2.5156072109267926,-1.2463516948597742,2.673211574554444
2.5257466254541403,-1.256358840717726,2.669325828552246
2.497459421211194,-1.1698666407357217,2.6710305213928223
2.471794224995859,-1.1596036185566394,2.674926519393921
2.509700864653758,-1.2083274633756065,2.673369884490967
2.4933088842332105,-1.225145830579864,2.672607660293579
2.4264633459790352,-1.2127178013037732,2.6751301288604736
2.359195142248574,-1.2208124440262842,2.6708221435546875
2.3545674911964865,-1.2671452374516186,2.670745372772217
2.4543913936519934,-1.2658730272486873,2.6668195724487305
2.505917759058611,-1.2315217649733594,2.6679482460021973
2.436589201011466,-1.18658109589278,2.665081262588501
2.2784386398742758,-1.2173200829092028,2.67077112197876
2.2223515457858265,-1.249482436096033,2.674152612686157
2.2648293524635776,-1.2762981811926701,2.678380489349365
2.283192703049569,-1.3294976361277417,2.679495096206665
2.240912103780316,-1.3356171825529832,2.676473617553711
2.1828658372147167,-1.3115837368423515,2.6707749366760254
2.086806291325363,-1.2937300332810155,2.6636290550231934
2.0310532371996595,-1.2852049773418175,2.6548805236816406
2.0803903378970583,-1.3055699556994753,2.6458418369293213
2.133921601726648,-1.3413511856853841,2.643632411956787
2.150874691763985,-1.403369445491673,2.640532970428467
2.179960381668275,-1.4318617602973274,2.6320390701293945
2.2127953011947525,-1.4420943152218195,2.6336023807525635
2.1748878413065937,-1.4719004936461872,2.629855155944824
2.0351165140720315,-1.5536044552150046,2.625401735305786
1.9191938685686396,-1.5834145659005743,2.6138951778411865
1.9196681875381727,-1.5022790133379282,2.599059581756592
1.956307833381435,-1.3993245796236862,2.5909056663513184
1.9609331132962335,-1.4136205920909788,2.5869622230529785
1.8938948675091147,-1.5171563435111317,2.581645965576172
1.844917093444618,-1.5703501244042175,2.5780608654022217
1.8490247137742564,-1.5410822152278651,2.5621612071990967
1.7926004160842763,-1.5254678777574362,2.556759595870972
1.7245394001752907,-1.5186334322860824,2.541196346282959
1.7015745831788058,-1.5333118981468972,2.534589529037476
1.6793405378939863,-1.6019700018723713,2.529869079589844
1.6517621280909551,-1.6582402720375127,2.513056755065918
1.627284677897726,-1.667349479622736,2.497215986251831
1.6040616678072734,-1.6965600889735972,2.491401672363281
1.600361997144413,-1.727342306931285,2.475123882293701
1.5670801808096333,-1.741387918240452,2.463020801544189
1.5401284885672828,-1.6978333724795112,2.442471504211426
1.5477693810974718,-1.6761544634804688,2.4321653842926025
1.5516885348602054,-1.7291428191071625,2.4256715774536133
1.5072644945776266,-1.8077978604241831,2.414137125015259
1.407511099779398,-1.8067706065342184,2.403380870819092
1.3638372437775486,-1.7471541164762512,2.3804073333740234
1.3418004421009373,-1.7758398677828706,2.3674466609954834
1.3630667789162791,-1.876417863812617,2.353438377380371
1.384695525761772,-1.9162379785794597,2.338371753692627
1.347904455014073,-1.9005288926825727,2.3275837898254395
1.3110268543088697,-1.9330875485412709,2.313584089279175
1.3273953524433546,-1.9738533657105117,2.3050711154937744
1.3248727081401157,-1.9491184221365097,2.287686586380005
1.2715602585964918,-1.9558495044695468,2.275111675262451
1.237999137910465,-2.0143696543124414,2.26075291633606
1.1941123655524426,-2.030130746172002,2.251208782196045
1.1372910449902127,-1.9988083537163652,2.238281726837158
1.0997591888700204,-1.9686817302536126,2.226604700088501
1.0379203386433715,-1.913641648672927,2.2100939750671387
1.0159787024047016,-1.9036860753026843,2.1924102306365967
1.028788383507113,-1.9354474075820989,2.170127391815185
1.0243953520116245,-1.985493395025534,2.156991004943848
1.0249818694630115,-2.0028098246335806,2.150256633758545
0.9946346866971698,-2.0028948749947686,2.138071298599243
0.9615410334403203,-2.0133063919872107,2.131385564804077
0.9231199010784142,-2.051893640470881,2.117384195327759
0.8490120386645521,-2.1200155126811646,2.1146581172943115
0.8370288647478913,-2.181143968977549,2.101727247238159
0.8757439236947437,-2.204392698338461,2.089416742324829
0.8608639760673424,-2.1769826882843697,2.080014705657959
0.833629242506221,-2.143697364492404,2.066004037857056
0.8405012218926086,-2.0729917858541187,2.0539779663085938
0.8718131028277655,-2.073074536858963,2.0423622131347656
0.8654010171116395,-2.1657076344879234,2.0347299575805664
0.7879395253300959,-2.1947089196395444,2.0289788246154785
0.775932571336666,-2.174387127244007,2.014928102493286
0.7893452013668917,-2.179814044482588,1.998727917671204
0.7334578509424876,-2.2101357071587473,1.989795684814453
0.642367320472962,-2.265140385138028,1.9859541654586792
0.618820155467648,-2.249466600524965,1.9735010862350464
0.6254518453660187,-2.192350568866932,1.960978984832764
0.5957658198683421,-2.2134674413199837,1.954429626464844
0.6268674621532789,-2.229424759797427,1.9361706972122192
0.6559030709361948,-2.288011984159378,1.9280673265457156
0.5831425085298323,-2.3555207202313304,1.9228277206420896
0.520598928944552,-2.331413289947415,1.911523938179016
0.5294479486567242,-2.3138563632887617,1.8985130786895752
0.5147278595949861,-2.320237670302351,1.8918522596359253
0.515031870115544,-2.3312720143082264,1.88083016872406
0.5528730302493936,-2.347588226914522,1.870455384254456
0.6360751206315848,-2.338763473319955,1.8603280782699585
0.6477548067669189,-2.292016957819264,1.8627021312713623
0.6438789516557303,-2.253095855186144,1.8576760292053225
0.631647080493887,-2.220295176491507,1.8611347675323489
0.5437822720908505,-2.1924912534476895,1.8615285158157349
0.5271488043383882,-2.2136434117366983,1.8594236373901367
0.6033301510775924,-2.331881263702693,1.8477064371109009
0.6486260356792591,-2.443398293663159,1.8468321561813357
0.6271231042532337,-2.443949205266346,1.8470611572265625
0.5941346770450128,-2.401280299602961,1.8487236499786377
0.5844156602031271,-2.3904551665127642,1.8444478511810305
0.589765881089289,-2.346768825820641,1.8475173711776731
0.5781814058483756,-2.302969465129978,1.8437730073928835
0.5324010342749914,-2.323586835192032,1.8486852645874023
0.548030834394137,-2.355445226120553,1.8458786010742188
0.576476561379221,-2.340291440621547,1.8446948528289795
0.5286674718821994,-2.335544944401486,1.849751114845276
0.5237167639921573,-2.3339431040676435,1.843187689781189
0.5468576880517972,-2.321044007759079,1.8333356380462649
0.4935303609575939,-2.306255225111313,1.835646152496338
0.4866935050403627,-2.2908000043517918,1.82842481136322
0.5214391986083827,-2.2954989308378924,1.821816682815552
0.49674642448244355,-2.3245829601256167,1.823458552360535
0.4895593109699155,-2.3749089346524905,1.8148255348205569
0.5062243368029904,-2.402579019391981,1.8152260780334477
0.4886044222245828,-2.322824774436543,1.814775824546814
0.48985208162900123,-2.2487321277516736,1.813271760940552
0.5050092566670032,-2.2899091386292985,1.8162246942520144
0.475929220583646,-2.3230935923028686,1.8150405883789065
0.5094427280806038,-2.294077554396655,1.809176445007324
0.5430236705677367,-2.2104288760218718,1.8107346296310425
0.5768676721385091,-2.2419237300640695,1.8082555532455444
0.5372526229401632,-2.354681270482832,1.8176331520080569
0.5033157555468986,-2.4206415352436146,1.8184231519699097
0.5531287882501814,-2.4582200449524887,1.8112397193908687
0.5755306007796952,-2.4793156844638435,1.8136215209960935
0.5596716126872749,-2.4686049956719267,1.8161520957946775
0.5767101288106125,-2.3753010871131934,1.809285879135132
0.5657969358758461,-2.2888779040707266,1.8085570335388184
0.5478190792984131,-2.289999177892084,1.8095080852508545
0.5580652087911857,-2.3312921023193787,1.808517336845398
0.6115727586684424,-2.38984839088125,1.8092461824417116
0.6593480445312974,-2.371665417255473,1.8169528245925903
0.6411717629268958,-2.3032818556136787,1.8146735429763796
0.5582658271080175,-2.3479930402803455,1.8140811920166016
0.5307366683100793,-2.4185153808051454,1.805404543876648
0.613261309543017,-2.4162143219392997,1.7965285778045654
0.6974633671760813,-2.3640454322406947,1.7995489835739136
0.7310237992372823,-2.3117458140011675,1.8043968677520752
0.6984758477613506,-2.306004075085035,1.81805157661438
0.6627417496838736,-2.360043368823643,1.820685625076294
0.6198774141700621,-2.3791471917599782,1.8229559659957888
0.5853130781699273,-2.3377204153352236,1.824472188949585
0.6203771293863543,-2.27879879552936,1.823203682899475
0.6838527327922543,-2.258466755063303,1.8241206407547
0.6626179899604531,-2.277568772461154,1.8334022760391235
0.6132954806925506,-2.3227372585549144,1.8353724479675293
0.5945893371395213,-2.35514513611646,1.834264159202576
0.5979238446582434,-2.3358060851849913,1.83656108379364
0.5939012955386991,-2.3010145529989448,1.8365107774734497
0.5879138899901688,-2.246052380171659,1.8307993412017824
0.6288316777083348,-2.2281745487962787,1.824822306632996
0.6203321654255125,-2.2425846933820694,1.8300726413726809
0.6460214141164083,-2.3023626374907167,1.8248965740203855
0.7048998263770065,-2.3807207053436468,1.828789234161377
0.6913655279319308,-2.3647047655224798,1.8318437337875368
0.6311674002745541,-2.2349527745342845,1.8349043130874636
0.6296110015154546,-2.1593514302418098,1.837651014328003
0.6526895647757166,-2.2108658615585117,1.840374231338501
0.6866088261391522,-2.336871891305546,1.840235710144043
0.7360159816805637,-2.395499953839789,1.835065245628357
0.760842861766349,-2.3895400261630337,1.8397351503372192
0.7608054917179515,-2.351972392327541,1.846527457237244
0.7424787716114416,-2.3125439858087975,1.843059778213501
0.6620577405358907,-2.325268591669787,1.8502126932144165
0.6271336369587767,-2.3565634814071528,1.8489925861358645
0.6901146290473319,-2.3321369397412997,1.8438464403152464
0.7278890091495858,-2.268360806291022,1.849370360374451
0.7147895588259743,-2.292480073383542,1.8528767824172971
0.7086199586905998,-2.3491170421744227,1.854626536369324
0.7241802319213184,-2.346919893675852,1.8525084257125852
0.691515948500681,-2.2757880192895614,1.8519161939620967
0.6544470401380593,-2.2151851559700417,1.8480651378631592
0.6474581697922942,-2.2599021277792897,1.8507782220840452
0.6340943807264313,-2.330801385360265,1.8517502546310425
0.6163532976798424,-2.3183224918841856,1.8494634628295896
0.6082894779638828,-2.2387714704524253,1.8513363599777224
0.6452156237330962,-2.196883121931407,1.850736379623413
0.7247416945243528,-2.2174407107443272,1.8566231727600095
0.7430888035398329,-2.2323158366928975,1.86151921749115
0.6925640937054622,-2.253953450838044,1.8712538480758667
0.6968198011112271,-2.2656173740270167,1.871751070022583
0.7571925507650816,-2.2935895419992205,1.8664069175720213
0.7432071876225496,-2.3437880282039836,1.873243808746338
0.7018513841514645,-2.384924060339334,1.8696328401565552
0.6640298509106385,-2.338723627795769,1.86933434009552
0.6076430798605759,-2.2233889484757143,1.866847038269043
0.6106091490365663,-2.1916101957307283,1.8690963983535769
0.6737298078994323,-2.213218893751039,1.8720148801803589
0.7029376538698039,-2.224709145593427,1.8822581768035889
0.6993189349787896,-2.254004732958784,1.882303237915039
0.6706031765410674,-2.2275842986100245,1.8788161277771
0.6241927525270581,-2.249006397079899,1.8784077167510984
0.6246053192579575,-2.2957726728910344,1.874448299407959
0.6442798175556208,-2.3203150142975106,1.870821475982666
0.6512791999667391,-2.3690878135447972,1.868957757949829
0.6775870821384459,-2.3657625637019892,1.8577533960342407
0.7006319697842028,-2.2725203263319704,1.8543778657913208
0.6803708214475093,-2.2165710092304547,1.8598151206970213
0.6608680437082847,-2.1895397420566853,1.8590319156646729
0.6886374251148504,-2.154773215958123,1.8572957515716555
0.7348392527866113,-2.1253703348828203,1.8534902334213257
0.7562892639259075,-2.0584596233516046,1.8531033992767332
0.6929471591446241,-2.0749241038628616,1.8630601167678835
0.6690870001861987,-2.1825203653955985,1.8627427816390991
0.6897659209769673,-2.1965703545103654,1.8576939105987549
0.6684648639155992,-2.218166231419278,1.8646492958068848
0.6832277341368581,-2.223890329881704,1.8648808002471924
0.7052328276180817,-2.243684242107468,1.860557198524475
0.6675337179847667,-2.273928100673823,1.865666747093201
0.6736099363334075,-2.250107809920993,1.8598790168762207
0.7130553559183606,-2.2360191394972047,1.864376783370972
0.7691100653553845,-2.218177195005532,1.860577940940857
0.7311237105806163,-2.2200398809302064,1.863714814186096
0.5997320613625191,-2.215011068539389,1.8664216995239256
0.5731154081346082,-2.2211507211510484,1.8607609272003172
0.6151434745328274,-2.2234103094025324,1.852460503578186
0.6262586503698491,-2.2801751584203904,1.853929042816162
0.622311766982017,-2.340223175808173,1.855008602142334
0.6406813024779309,-2.2928485944566432,1.84857976436615
0.6760952588724238,-2.256428526637116,1.851585030555725
0.7283549726506331,-2.195732887120798,1.8573805093765257
0.7769291502808668,-2.1354445409069056,1.853645920753479
0.7823549797872067,-2.142866870140473,1.861027479171753
0.8028724646983526,-2.132626390390102,1.8611726760864256
0.8201407103349688,-2.191088259251844,1.87234890460968
0.759225792016674,-2.2379703073019543,1.87936806678772
0.725065040168436,-2.196985212779417,1.878367304801941
0.7365768104613616,-2.2159299294157893,1.879858374595642
0.7550736555354075,-2.2601875578518764,1.8820937871932983
0.8040170280103354,-2.2699720829008294,1.881349205970764
0.7673901271002298,-2.3406132221098113,1.8889451026916504
0.6616913610017,-2.3435643423932833,1.8855808973312376
0.6174143698416024,-2.305589828000515,1.8757991790771484
0.6161229644580186,-2.30261788724305,1.868393063545227
0.6370883967301905,-2.2673976137445853,1.862315535545349
0.6682034751746757,-2.276905185364288,1.8555272817611692
0.6658113045386035,-2.336804310195419,1.8547241687774656
0.6952075400108697,-2.3284453698458276,1.8538546562194824
0.7274196864331092,-2.2836603568156324,1.8609070777893064
0.7006119580506144,-2.2983108939350796,1.8645124435424805
0.6515780834903461,-2.29310984201053,1.856054425239563
0.6715859753875804,-2.2742525878546522,1.8580787181854248
0.7635695618999875,-2.3138147214074563,1.857674479484558
0.7589907629444503,-2.3656861835633647,1.8637653589248655
0.7174994043600949,-2.323781583698043,1.8675668239593504
0.6873615231302809,-2.2506947625411198,1.8741278648376465
0.7021746896584096,-2.2514014056481706,1.8726807832717896
0.699886485866466,-2.283288505333771,1.8771851062774656
0.6405955227717186,-2.2190976424344298,1.8709752559661863
0.618782347882557,-2.2254595985954104,1.871713638305664
0.6712439238308219,-2.3013579695882456,1.8700857162475584
0.7188803716463258,-2.3221516119930925,1.869842290878296
0.717752058268786,-2.2921999676240374,1.8714210987091064
0.6966216149153087,-2.2797956112367825,1.8700648546218872
0.6737654231712777,-2.3045902166748196,1.8694005012512207
0.624793461261347,-2.319311456789393,1.8675522804260252
0.6106271619909222,-2.2438344753766324,1.8604941368103027
0.6613478452925545,-2.163792951105079,1.85553514957428
0.6768793013410425,-2.2010311627259957,1.857006549835205
0.7148539635382414,-2.257522560500397,1.851279020309448
0.757652672047496,-2.3088883894977457,1.85672390460968
0.7901341775134295,-2.3524173936133432,1.857337951660156
0.7753702131628724,-2.326820937140878,1.857897162437439
0.7657232692250003,-2.2971203772322704,1.851572632789612
0.7261995349616599,-2.222579708524916,1.854405641555786
0.7139430729684036,-2.2014818499549267,1.849141359329224
0.751625880578258,-2.2065318755676704,1.8456411361694336
0.781936294285132,-2.170947813174766,1.842578768730164
0.7550680111997559,-2.1689478643849753,1.8495310544967647
0.7051800752120297,-2.1838931586927925,1.8493744134902956
0.677154201226531,-2.190948902008212,1.856160044670105
0.6928730153098007,-2.2070510616334533,1.8544656038284304
0.6776378976367398,-2.2185380253374087,1.8542375564575195
0.6347294058498733,-2.192234021610266,1.8521710634231567
0.6182376877924602,-2.178497957706886,1.8564977645874023
0.7021960317556408,-2.19510924214539,1.849491834640503
0.71172238946604,-2.211635165344872,1.852796196937561
0.6543053578977485,-2.227437340673415,1.8559380769729612
0.6810504176840304,-2.220943452105255,1.852399468421936
0.780623238017894,-2.2150165528129167,1.854142665863037
0.8050148004558,-2.222524148137252,1.862475872039795
0.7344666484256104,-2.244671225521611,1.874386429786682
0.671596814268249,-2.217071706386266,1.8744875192642207
0.6510358304354373,-2.1708818128327176,1.8760886192321775
0.6538388163189366,-2.191855460602688,1.8735557794570925
0.6844028998715223,-2.267036507363745,1.8687505722045896
0.6680450716833681,-2.337871173079041,1.8669912815093996
0.6575827167893404,-2.3223633158328973,1.8632060289382932
0.6355525774026773,-2.2752601896088924,1.864657521247864
0.6236638617604572,-2.30170014578189,1.864500880241394
0.6662105444438109,-2.308521701789751,1.8613368272781368
0.7389520100408817,-2.2510581176186903,1.8577752113342283
0.7644512621056266,-2.2076115571506896,1.8574703931808472
0.7159172205391533,-2.2525977219230047,1.8668301105499268
0.6806422213582366,-2.3218434787982085,1.86810564994812
0.682726837521623,-2.3409645059024724,1.8644814491271973
0.6916528625644074,-2.3320950932563833,1.8562878370285036
0.6604468113710402,-2.3311630904837806,1.8568719625473025
0.6588537395676061,-2.2956210736280056,1.850943088531494
0.7050124871197635,-2.251240543429849,1.8530904054641724
0.7539630719900247,-2.2058697399329885,1.8518407344818115
0.7820726481519865,-2.1940211205188795,1.854703664779663
0.7831311339018803,-2.199568181265672,1.8520965576171875
0.7921370284764352,-2.2320849339139377,1.860790133476257
0.7705749140008725,-2.2735185013592147,1.8597410917282104
0.7292548423193653,-2.2750489046258395,1.8684273958206177
0.788495897283465,-2.2596857574144207,1.866851806640625
0.7966768058205426,-2.2768592486800836,1.8717527389526367
0.6824475154770686,-2.3280257463929974,1.87802255153656
0.6036528369947132,-2.313504656624168,1.8727946281433103
0.5951635310400978,-2.259220261755121,1.868786692619324
0.6044631228884872,-2.1932688583134237,1.866790771484375
0.635797753236307,-2.207797887656385,1.8643934726715088
0.6913955099756811,-2.288635841345025,1.86378276348114
0.7241946010174086,-2.314170142319768,1.8613313436508176
0.693685620030511,-2.301180643599379,1.8701837062835691
0.6634958654858656,-2.260356319353535,1.8686065673828125
0.6440398153802112,-2.188797673348261,1.8763344287872317
0.665154187131845,-2.1805902810470146,1.8734654188156128
0.6721593968240971,-2.2191674103239456,1.875399708747864
0.6879702425843961,-2.2370633058378466,1.8696297407150269
0.7275075398224118,-2.23951687450994,1.8669559955596924
0.7253504011769971,-2.2687725362143754,1.8715652227401731
0.6844148244232525,-2.2758362156811724,1.8681832551956177
0.6207141402873959,-2.2293459380948386,1.867951512336731
0.5771757608394638,-2.1662883841534186,1.8677024841308596
0.6057571353628287,-2.152980893280885,1.8681857585906985
0.703612404923905,-2.1750864681870707,1.869003176689148
0.7610186360014994,-2.1838111340510453,1.8759398460388184
0.7493540046619679,-2.133377460056374,1.8868622779846191
0.7654308657866793,-2.1991519500927916,1.8858698606491089
0.7380074911442043,-2.256331110085993,1.8916246891021729
0.7135783430541619,-2.2487925016418835,1.8891268968582156
0.7296478217555082,-2.2439605220665104,1.8820379972457888
0.7281782820459788,-2.240611510890049,1.8854821920394895
0.7084216664057786,-2.217620640778967,1.884571075439453
0.6814032744041165,-2.1920402822647285,1.8863673210144043
0.6548541247986467,-2.211441297597742,1.8901413679122925
0.6631568000334377,-2.223301627878089,1.8871721029281616
0.6916816233125379,-2.2287332400924234,1.8885656595230105
0.7084538978789277,-2.270589130762867,1.8890358209609983
0.6762872075117937,-2.290445353402588,1.8892168998718264
0.6623097707955777,-2.329183326839931,1.885125994682312
0.735321488749295,-2.3481895631118386,1.8839956521987915
0.7967179107756802,-2.2937434052054972,1.8828611373901367
0.747867258154526,-2.232050180838216,1.88914692401886
0.6513642700275524,-2.2433244745642225,1.8841642141342163
0.6227214250026218,-2.30966677174463,1.8816372156143188
0.6968740393284385,-2.3043915409559186,1.867814779281616
0.7409396587884257,-2.2642053687198835,1.8626279830932615
0.6799021519630046,-2.2495577662702564,1.8655110597610476
0.6854836364361065,-2.2607152632505976,1.86423933506012
0.7539530455470059,-2.303095887063348,1.8665926456451416
0.765276032987476,-2.3166917622056316,1.8727619647979736
0.7115819660788001,-2.2614911068039194,1.8762506246566768
0.6578181794834587,-2.2036618937541985,1.8803633451461792
0.6594566859188657,-2.2092573999761975,1.8775781393051147
0.6989068042890477,-2.2365848494199683,1.871458888053894
0.7141154819452706,-2.2325822710070775,1.8644543886184688
0.7038282421425919,-2.2447377929383086,1.8688318729400637
0.7258145590616238,-2.333208642305089,1.871063590049744
0.731840836067055,-2.3492026899125036,1.8718048334121704
0.7295344504811767,-2.265234412030582,1.873231291770935
0.7580841221670046,-2.21052070168168,1.8737497329711916
0.7704083585099868,-2.2033353574432186,1.8765032291412356
0.7130492532547731,-2.1937747787477293,1.8803595304489136
0.6533484397794979,-2.2053072246810155,1.888211727142334
0.6518347361824043,-2.219385837609748,1.8866724967956543
0.6295849017548132,-2.190449612607378,1.8809330463409424
0.5865523412985685,-2.2132108227222527,1.8759483098983765
0.6320438992831551,-2.2553351630466367,1.868862628936768
0.7218560105052679,-2.258529522909349,1.8636366128921509
0.7172735747189505,-2.317609003827986,1.870567321777344
0.656593181523002,-2.3292671905932885,1.868647217750549
0.6155627565555293,-2.279448782072857,1.861273169517517
0.6359147896772495,-2.269587822360077,1.855223298072815
0.6987565883468055,-2.194542428785866,1.8570168018341064
0.777099371943678,-2.1255829536466715,1.853394865989685
0.7998176516084797,-2.1377406820345155,1.8612427711486816
0.7956303661911339,-2.2088320005297417,1.866957187652588
0.7945549926411426,-2.250034357692317,1.86767852306366
0.7598077349190305,-2.2531937950978724,1.8740524053573608
0.6795312497109913,-2.2734015658971303,1.876388669013977
0.5904698724423031,-2.278945591458804,1.882794737815857
0.5642324282184236,-2.258135564632282,1.8789962530136108
0.6445606372164536,-2.2385792676298837,1.8745875358581543
0.70239859560846,-2.254401341832519,1.8749313354492188
0.685039509139787,-2.2720129054930585,1.8753665685653689
0.6525345517597272,-2.2129903679444163,1.872291088104248
0.6466044103346756,-2.159546946501884,1.8732012510299685
0.6323362814058181,-2.163466363971707,1.881245851516724
0.6867367080673008,-2.2139559664703103,1.8777989149093628
0.6837940587711907,-2.250592993300174,1.884177088737488
0.6202020993506421,-2.287100863628451,1.8803638219833372
0.6360897756865914,-2.3089140297215236,1.87741494178772
0.6833726683387046,-2.264361248275246,1.872763752937317
0.6795488539533631,-2.2067637892823937,1.873086929321289
0.6155487536976663,-2.197957577751742,1.8709137439727783
0.6184432294367435,-2.2297842331644886,1.862807035446167
0.7276474046173736,-2.265957153510455,1.8565778732299805
0.7455912056006689,-2.2810487235059407,1.860062837600708
0.6515855441042206,-2.2735757815132747,1.8684412240982056
0.6243413602589954,-2.274930768157872,1.865057110786438
0.6284885531673311,-2.302949151166998,1.86575448513031
0.6338310080246314,-2.3243579233587046,1.8611527681350708
0.6895578979887338,-2.2718077248799884,1.856244802474976
0.7521837078129603,-2.124588193195572,1.8544514179229736
0.7912428504673987,-2.0581248476231986,1.8601093292236328
0.7782131474495224,-2.166668059380824,1.8636395931243896
0.6878120223456478,-2.286636388770685,1.871877670288086
0.6680872121506581,-2.2360294377623116,1.8682481050491333
0.6890019057920929,-2.2008165626576996,1.868134617805481
0.6915113744182431,-2.214602583979245,1.875390648841858
0.6369383207525435,-2.218463204026339,1.875644326210022
0.6194433275315842,-2.2457224133829143,1.8704155683517456
0.6821265721609187,-2.2455979543387747,1.8643171787261963
0.7627017081244215,-2.230996281200567,1.8557196855545044
0.7717724145412423,-2.230449283090829,1.858872413635254
0.737045256103463,-2.1443868925091554,1.8592621088027956
0.6633098173470482,-2.046369438901546,1.8597291707992556
0.6446771713197416,-2.0657636123739826,1.858075261116028
0.7200469318734959,-2.132490526975832,1.8614438772201536
0.7120105448450263,-2.16289522542522,1.8670233488082888
0.6889834300832351,-2.2171585811655175,1.869959115982056
0.7370722938647687,-2.2535015751248713,1.872515320777893
0.7542751158361817,-2.2327977560684635,1.873895287513733
0.771778763787385,-2.1938263416796175,1.8814730644226076
0.8059743878673851,-2.168800052551985,1.8857982158660889
0.7702147613805809,-2.1729652263388957,1.8904985189437864
0.7119227005414334,-2.1590492770267753,1.891864538192749
0.7343756015518376,-2.143234750378489,1.8864279985427856
0.7393242022256964,-2.1859709952667985,1.8879451751708984
0.6963881217872051,-2.264756478228479,1.8869420289993288
0.685029753691062,-2.3481682812260134,1.8855594396591189
0.6828267473404126,-2.3857870383174897,1.887628555297852
0.6971594527345846,-2.35075677564691,1.884007692337036
0.7602687069112452,-2.2801672977654217,1.879939317703247
0.7477512141723442,-2.263089237432153,1.87783682346344
0.6689239516739234,-2.2797298978974787,1.8849806785583496
0.6414806723526019,-2.255835556420834,1.886567234992981
0.6655543367600929,-2.248895845844754,1.888503074645996
0.7146245097936055,-2.309379561431691,1.884663820266724
0.760850371447525,-2.313523410032311,1.8859896659851076
0.7456721331606015,-2.289297139389774,1.8824154138565063
0.7033547890879382,-2.323102210248014,1.887684226036072
0.7087706860712429,-2.304171542293777,1.8854585886001587
0.7382071118362304,-2.228635355758844,1.8844425678253172
0.752019005522346,-2.191635969628249,1.8843318223953247
0.7996371018039821,-2.178673656381481,1.885274171829224
0.811145421761743,-2.176788173975039,1.8835506439208984
0.7337190648919656,-2.1699574996149344,1.8903318643569944
0.7137028344184227,-2.1547752681236347,1.8912707567214968
0.764048396687778,-2.1748375752288895,1.889079213142395
0.7431574214893097,-2.2431491926055953,1.897266268730164
0.7421809980343353,-2.3160613813701634,1.895166277885437
0.705357767140886,-2.328788997330798,1.8981854915618896
0.6358383683889546,-2.249843157838782,1.8957558870315552
0.6630943790287207,-2.16088103205216,1.89276134967804
0.6994341105957688,-2.1594386073802463,1.8902667760849
0.7055723995734416,-2.1871905594473184,1.896031618118286
0.7111574973274203,-2.2248111968150313,1.8905507326126096
0.672781558065218,-2.2507972077608267,1.8950008153915403
0.6800425842683488,-2.2599118884585834,1.8894513845443728
0.7142215492079056,-2.2695805534661453,1.88565993309021
0.7474125937060874,-2.2629871112453674,1.8784642219543457
0.771714479066789,-2.197273597658035,1.88319730758667
0.7441662916346762,-2.1608606133938877,1.8877760171890257
0.6823438705971865,-2.1912844252602786,1.8842337131500244
0.6243559064583829,-2.203808002874233,1.876535177230835
0.575125356169138,-2.22418298938921,1.8805148601531985
0.6037830618295378,-2.2424788029280536,1.8744255304336548
0.6752634560476944,-2.2536798614479108,1.8661125898361208
0.7148648075639541,-2.1907834592654662,1.866261601448059
0.746557603266061,-2.1722303019555693,1.8700096607208248
0.7762117927334037,-2.2308074312143282,1.87248170375824
0.7482304445669758,-2.27514135566982,1.8776485919952397
0.7222598996466013,-2.223150517829373,1.8818098306655884
0.7105436507800807,-2.186880785795667,1.884642958641052
0.708797177598319,-2.2344090543949666,1.8892145156860352
0.7230470602685456,-2.281741753241212,1.8904755115509035
0.762088765068696,-2.246646963412001,1.8880271911621092
0.7569964493553649,-2.189240008514449,1.8856875896453855
0.6553528167416295,-2.2217727900442195,1.8916947841644287
0.6141438747649668,-2.3186452458650626,1.8867605924606323
0.6297346096729591,-2.3646917391572946,1.8809412717819212
0.6350742693611447,-2.3192734251504215,1.8775752782821653
0.6783827545980978,-2.254682918126005,1.8710252046585083
0.7758039175131916,-2.226552204204109,1.8676897287368772
0.7596180201329968,-2.223311949792031,1.8771804571151731
0.6990766695329826,-2.1923196840349175,1.8763729333877563
0.6718191887772795,-2.1459704531028305,1.8799487352371216
0.652262515621344,-2.1109898693756666,1.888234615325928
0.7065183588249546,-2.171375820851064,1.884941577911377
0.7359133855549859,-2.259856917709798,1.8903701305389404
0.7190463226990954,-2.2883140224576906,1.8933937549591064
0.7306003783674346,-2.2927751504775533,1.8891593217849727
0.7069116023964797,-2.2576086903624004,1.88105309009552
0.6959708716050652,-2.209419985615325,1.885133981704712
0.7595697198159397,-2.250856197468754,1.8841115236282349
0.7751888735963748,-2.303491655673665,1.88572359085083
0.7437932824924629,-2.280243307034294,1.8900285959243772
0.7714170174933601,-2.248148169292481,1.8829463720321653
0.7548336133082076,-2.244834751638128,1.8866933584213257
0.7151353137230877,-2.2661790378980093,1.8823195695877075
0.738438625679651,-2.2846604596877023,1.874606132507324
0.759081837949161,-2.2920561237021766,1.872881531715393
0.7612308622836106,-2.2927879659350427,1.8695825338363647
0.7187741552055001,-2.3134346984799996,1.871741890907288
0.6310997326244911,-2.3286759767163194,1.867892146110535
0.5984409347241192,-2.2897935776922873,1.8643144369125368
0.618243195115519,-2.2421713407124804,1.8603949546813965
0.6353444603772936,-2.229055515670518,1.8620049953460691
0.5924528081229204,-2.227034935592825,1.861546754837036
0.580513875570998,-2.1621412004344895,1.853618860244751
0.6506236292080708,-2.1542080760583975,1.8495396375656128
0.7304356568717957,-2.1996802614636053,1.8491177558898928
0.7094397364287914,-2.236886737417282,1.853328824043274
0.6755004369825871,-2.3134608486730786,1.8524917364120483
0.656776243835505,-2.3371882363147085,1.85692834854126
0.6361504378990054,-2.2777487998667616,1.8582043647766116
0.6380362644404759,-2.1958136112538753,1.856807231903076
0.6284963456259794,-2.200303781304771,1.8577231168746948
0.5935637415365762,-2.261708663182197,1.8507492542266848
0.5806718128709927,-2.303718845071744,1.8511500358581543
0.64442041532863,-2.30912844040392,1.8519808053970337
0.7074776983837817,-2.2738644837144277,1.8501906394958496
0.6682607169308143,-2.2204826233920385,1.854541540145874
0.6416510944999214,-2.229077497003561,1.8508697748184204
0.6711361221883119,-2.2436638630601635,1.845224380493164
0.6591743179192093,-2.2642005742442777,1.8486007452011108
