ts,id,color,x,y,orientation
0.0,0,yellow,4.225027799868622,0.0007669353539667065,3.141592653589793
0.016666666666666666,0,yellow,4.174559161354702,-0.010097667966230912,3.141592653589793
0.03333333333333333,0,yellow,4.14945519396234,0.020520317311328095,3.141592638688632
0.05,0,yellow,4.235387323828275,0.018390626290447565,3.1415926277802253
0.06666666666666667,0,yellow,4.22226714621717,0.03333037173402849,3.1415926141650266
0.08333333333333333,0,yellow,4.161871500581786,0.07028960529904539,3.141592604168233
0.1,0,yellow,4.1885482102244405,-0.02049446333658156,3.1415925921507313
0.11666666666666667,0,yellow,4.1840721790863284,-0.023971817584127322,3.141592582126335
0.13333333333333333,0,yellow,4.218932497768315,0.01569653972817147,3.1415925805893092
0.15,0,yellow,4.194200318038908,0.017130270214284208,3.141592582126335
0.16666666666666666,0,yellow,4.131951179404713,-0.009478746890163382,3.141592582126335
0.18333333333333332,0,yellow,4.174016981612309,-0.02620409012794644,3.141592582126335
0.2,0,yellow,4.151684231968503,0.00934905055339949,3.141592582126335
0.21666666666666667,0,yellow,4.10663443079061,-0.03496254798021873,3.141592582126335
0.23333333333333334,0,yellow,4.128373279483508,-0.02435345553266734,3.141592582126335
0.25,0,yellow,4.086524751111011,-0.020320770855974536,3.141592582126335
0.26666666666666666,0,yellow,4.090890705918563,0.004539877115587964,3.141592582126335
0.2833333333333333,0,yellow,4.02529332032981,0.0012322088401043132,3.141592582126335
0.3,0,yellow,4.0525916668806605,-0.002970011487585491,3.141592582126335
0.31666666666666665,0,yellow,4.024527753520545,0.004033964687272355,3.141592582126335
0.3333333333333333,0,yellow,4.057306006607931,-0.0013764571554831847,3.141592582126335
0.35,0,yellow,3.993504318600704,0.03176208982122528,3.141592582126335
0.36666666666666664,0,yellow,3.95219106718729,0.041030774921337804,3.141592583697152
0.3833333333333333,0,yellow,3.9293276802077393,-0.001657913874881233,3.141592583697152
0.4,0,yellow,3.94736765684605,0.011237672226645498,3.141592583697152
0.4166666666666667,0,yellow,3.9535309297305945,-0.04155541743591298,3.141592582126335
0.43333333333333335,0,yellow,3.916819275060482,-0.0034115826688151645,3.141592582126335
0.45,0,yellow,3.8998104934944973,-0.04973194646645605,3.141592582126335
0.4666666666666667,0,yellow,3.854658447166514,0.0012628145240490274,3.141592582126335
0.48333333333333334,0,yellow,3.8337738356854314,0.015735067168407064,3.141592582126335
0.5,0,yellow,3.870966003500299,-0.015438439366371993,3.141592583697152
0.5166666666666666,0,yellow,3.773813114578868,-0.0006871522920640828,3.141592583697152
0.5333333333333333,0,yellow,3.772884195542497,0.017166115795969474,3.1415925853040942
0.55,0,yellow,3.694284471474888,-0.020991559340332217,3.141592582126335
0.5666666666666667,0,yellow,3.711498382716595,0.02392630767679337,3.141592577608481
0.5833333333333334,0,yellow,3.632579422892133,0.010475816616988386,3.1415925805893092
0.6,0,yellow,3.63170726716352,0.02801637697361475,3.1415925853040942
0.6166666666666667,0,yellow,3.6294073375944818,0.005044312608425878,3.1415925903695197
0.6333333333333333,0,yellow,3.5659457336529288,-0.005010699924678752,-3.1414213724464926
0.65,0,yellow,3.57250416703147,0.0014436623810776378,-3.1411087858567015
0.6666666666666666,0,yellow,3.541218195339617,-0.022488677416450255,-3.1410343774763856
0.6833333333333333,0,yellow,3.5195652012363396,0.015308481119611363,-3.1410344542106436
0.7,0,yellow,3.4609911492436662,-0.008733014009471983,-3.1412479277752716
0.7166666666666667,0,yellow,3.4802699447059564,-0.0298741798009544,-3.1414035486968386
0.7333333333333333,0,yellow,3.3994001629232393,-0.023542032455180533,-3.141403403987214
0.75,0,yellow,3.386717702937053,0.003806415608808896,3.141576052973921
0.7666666666666666,0,yellow,3.307007526178355,0.0063590848721067844,3.1411046575109385
0.7833333333333333,0,yellow,3.3462169944450855,-0.029955185423355703,3.140819745761295
0.8,0,yellow,3.2617511926785103,-0.031174315753732345,3.140819922025125
0.8166666666666667,0,yellow,3.2478486937305897,-0.027713348903599527,3.1408198719914466
0.8333333333333334,0,yellow,3.2369074220356255,-0.025928378653118325,3.1404308910023335
0.85,0,yellow,3.164776105672839,-0.018370271444079208,3.139862626201502
0.8666666666666667,0,yellow,3.149193903067178,-0.022780401964922866,3.1393969826423866
0.8833333333333333,0,yellow,3.111225564138109,0.010001586664648636,3.1390422012881736
0.9,0,yellow,3.1233070060842065,0.0037869796002202817,3.1387962772755476
0.9166666666666666,0,yellow,3.0505558070747636,-0.026532548828354326,3.13875113265299
0.9333333333333333,0,yellow,3.0252596017347178,-0.031343232769525706,3.138980041360395
0.95,0,yellow,3.0048593515696607,-0.007887996632798303,3.1390486177894665
0.9666666666666667,0,yellow,2.9641326572448086,-0.04208084458287608,3.138720678422901
0.9833333333333333,0,yellow,2.9297122123583366,0.01349743628061432,3.1383475862738193
1.0,0,yellow,2.8639224427481698,0.02815429306105973,3.138087308006469
1.0166666666666666,0,yellow,2.8676456653784257,0.014759556599442607,3.137945776191991
1.0333333333333332,0,yellow,2.823816398602136,0.030537240184966417,3.1383124321904967
1.05,0,yellow,2.8146921477809497,0.0075710801504041345,3.139084302505517
1.0666666666666667,0,yellow,2.742176544023545,0.018937947987610483,3.1397903573644044
1.0833333333333333,0,yellow,2.7319754694250014,0.005867766000295268,3.140411030346458
1.1,0,yellow,2.7084623794526146,0.008876063993732346,3.1408530298420043
1.1166666666666667,0,yellow,2.687053766315597,0.0022247580353065254,3.1412105522343623
1.1333333333333333,0,yellow,2.680968774099834,-0.01785181909756811,3.141455816009814
1.15,0,yellow,2.5819449364617584,-0.04428212437307069,3.1415897317460306
1.1666666666666667,0,yellow,2.6101386515328,0.01343900082999431,3.1415897357765292
1.1833333333333333,0,yellow,2.5420004398231115,-0.0036478662195421705,3.1410135392698644
1.2,0,yellow,2.518619792869404,-0.018152657770686108,3.1404770101930115
1.2166666666666666,0,yellow,2.4911216289527984,0.02477438396537048,3.14045069164475
1.2333333333333334,0,yellow,2.4149799080181067,0.006312134841947951,3.1404506035016526
1.25,0,yellow,2.4014264827684113,0.01709567179370691,3.140450467783487
1.2666666666666666,0,yellow,2.3908397392199965,0.01876502120853746,3.1408911475665757
1.2833333333333332,0,yellow,2.3185591182742056,-0.02095044695087645,3.1413368254486693
1.3,0,yellow,2.291718921021484,-0.035377439496472235,-3.141428665034498
1.3166666666666667,0,yellow,2.268766546580539,-0.02173778086370722,-3.1413145229350077
1.3333333333333333,0,yellow,2.2379097181112564,-0.010393823466552224,3.141403022862935
1.35,0,yellow,2.2405278583034343,0.026292425444953492,3.1405414738074304
1.3666666666666667,0,yellow,2.149665249400314,0.006080558534581244,3.1400378352121585
1.3833333333333333,0,yellow,2.1723607263948272,0.0017067282655491164,3.1399611770635634
1.4,0,yellow,2.1488502708460793,0.035797874532661846,3.1405708387390847
1.4166666666666667,0,yellow,2.072626833146169,-0.012928957309588525,3.1409664953682253
1.4333333333333333,0,yellow,2.0214341233374835,-0.00640911325164801,3.1413780975290244
1.45,0,yellow,2.056837365710037,-0.04691146130889492,-3.1413442392524162
1.4666666666666666,0,yellow,1.97128396291468,0.04587645074425042,-3.1412898445258834
1.4833333333333334,0,yellow,1.9954154874356953,0.02015542308300223,3.141225209137266
1.5,0,yellow,1.9468020993149677,0.031159305676092517,3.140903058838145
1.5166666666666666,0,yellow,1.9276233384219108,-0.024069626877927353,3.1413321253890487
1.5333333333333332,0,yellow,1.8476977722277748,-0.02812262952468022,-3.1408623030148437
1.55,0,yellow,1.855114150475811,0.024369406803429076,-3.140490480029264
1.5666666666666667,0,yellow,1.7940412354123274,-0.020630474137276027,-3.1408374515179407
1.5833333333333333,0,yellow,1.774195502973919,-0.01323804015925391,-3.141375926196978
1.6,0,yellow,1.7219896299019561,0.031097428981282565,-3.1413940657683943
1.6166666666666667,0,yellow,1.6836543936462236,-0.00479002632180846,3.1414825296652857
1.6333333333333333,0,yellow,1.6221783240637244,0.01516926871061806,3.1414262981252046
1.65,0,yellow,1.6469575196943358,4.3483822290873823e-05,-3.141324300548817
1.6666666666666667,0,yellow,1.5946054533296588,-0.02810517646186302,-3.1410032015238274
1.6833333333333333,0,yellow,1.5621219828865023,-0.02334527406305231,-3.140835316649966
1.7,0,yellow,1.5570967081009095,0.02707548337629567,-3.141122469273247
1.7166666666666666,0,yellow,1.4980147879737833,0.0010660616397518826,3.1412655097345823
1.7333333333333334,0,yellow,1.5087394729487504,0.03333636744309991,3.1408961053876956
1.75,0,yellow,1.4445926308516672,0.01000034754412301,3.1412126639899114
1.7666666666666666,0,yellow,1.4201506172012617,0.02609953593366796,-3.14118673792491
1.7833333333333332,0,yellow,1.3966460725370473,-0.002346388444729068,-3.1402524838748853
1.8,0,yellow,1.3362732548810228,0.04947467024765063,-3.139464755734666
1.8166666666666667,0,yellow,1.3106582651674075,0.007963757297956385,-3.1388428356695215
1.8333333333333333,0,yellow,1.3343860545222033,0.006685775766620604,-3.138126098501452
1.8499999999999999,0,yellow,1.2216944898123392,-0.013323625981180963,-3.1370110500137542
1.8666666666666667,0,yellow,1.2297978519807522,0.013360266584426775,-3.1365225305582385
1.8833333333333333,0,yellow,1.1659099351952549,-0.030378129112802025,-3.1366955206360467
1.9,0,yellow,1.1709091543231962,-0.014283218981827266,-3.1372267998137158
1.9166666666666667,0,yellow,1.0963930147110579,0.0021275666617121976,-3.1378433803571557
1.9333333333333333,0,yellow,1.1120352897611236,-0.019126997418474682,-3.1389749839514396
1.95,0,yellow,1.0615127773181852,-0.01804256323620254,-3.13994479834438
1.9666666666666666,0,yellow,0.9831374679987793,-0.033038024174118115,-3.1406397957718086
1.9833333333333334,0,yellow,1.006729306166614,0.02811330184164997,-3.141439363211477
2.0,0,yellow,0.9766480130907917,0.022989190236528047,3.1408522415225457
2.0166666666666666,0,yellow,0.9353764632008954,-0.0067258555312331185,3.139894905834531
2.033333333333333,0,yellow,0.9388902335155337,-0.0059409292499976295,3.1401245297946216
2.05,0,yellow,0.8611626077235209,-0.002667738965968901,3.140687775913869
2.0666666666666664,0,yellow,0.8378231364915149,0.005074168996880542,3.141172741531994
2.0833333333333335,0,yellow,0.7424660578168532,-0.011734805269766719,3.1411924878821846
2.1,0,yellow,0.8237278678621442,-0.011348415843541126,3.141183484952297
2.1166666666666667,0,yellow,0.8181708499242649,-0.030765195129043042,3.141179042641552
2.1333333333333333,0,yellow,0.7604974410755133,-0.035194178976876614,3.141177782091841
2.15,0,yellow,0.7466519488317329,0.006542664773732746,3.140126942119384
2.1666666666666665,0,yellow,0.7249032324738484,0.03613523630202941,3.1381734282077263
2.183333333333333,0,yellow,0.7009653162885723,-0.00046548552494230866,3.1362133374052785
2.2,0,yellow,0.6500977121924543,0.004622649068396212,3.135836462574468
2.216666666666667,0,yellow,0.6356137521442011,0.06506248961176171,3.1366630883903728
2.2333333333333334,0,yellow,0.6273171790271141,0.0067473553938755485,3.1375744181908285
2.25,0,yellow,0.5820502767797949,-0.007368401979288844,3.1381583767808223
2.2666666666666666,0,yellow,0.5965178483584356,-0.00044771273046582266,3.140601384741032
2.283333333333333,0,yellow,0.5536890085670211,-0.013230197019418168,-3.140565290011926
2.3,0,yellow,0.5164413526295277,0.017353279907116263,-3.1399691288770732
2.3166666666666664,0,yellow,0.5942512650539927,0.03773321928697718,-3.141050177006351
2.3333333333333335,0,yellow,0.4782243770996395,-0.004600276694625459,3.141425029218574
2.35,0,yellow,0.5233176416839399,0.00047794958367428997,-3.14021308776213
2.3666666666666667,0,yellow,0.4693586083792963,0.01872631395955837,-3.137684045210781
2.3833333333333333,0,yellow,0.4352489398434888,0.04075936770832685,-3.1358214765359333
2.4,0,yellow,0.46817130589841177,-0.03333665327679528,-3.1351203174396556
2.4166666666666665,0,yellow,0.4378880135815335,0.021773418482203332,-3.134013289837151
2.433333333333333,0,yellow,0.42442945025886514,-0.026409661501811642,-3.132068030542377
2.45,0,yellow,0.4408010182673655,0.033296329213317946,-3.1330058204846614
2.466666666666667,0,yellow,0.39137184349736776,-0.007893357734406997,-3.1340126173184295
2.4833333333333334,0,yellow,0.4423117606381844,0.017868094382142215,-3.134480658229136
2.5,0,yellow,0.3659055666583272,-0.027776077480425605,-3.1333860908991715
2.5166666666666666,0,yellow,0.35719784161436613,0.015812939170109806,-3.1327900256371226
2.533333333333333,0,yellow,0.33525793535034154,-0.021657281923611958,-3.1334477161129985
2.55,0,yellow,0.3568549944075568,-0.022348407359877514,-3.1341724898586474
2.5666666666666664,0,yellow,0.35770462754692295,0.02655746345626512,-3.135548466549631
2.5833333333333335,0,yellow,0.3193060866126239,0.01881783905219697,-3.1384186810301333
2.6,0,yellow,0.29835825352230344,0.004469372478898937,-3.1401596839475303
2.6166666666666667,0,yellow,0.30780898001731516,-0.002600929233879926,-3.1379869450101587
2.6333333333333333,0,yellow,0.27477621228119403,0.03128778608938006,-3.13522011309467
2.65,0,yellow,0.3242920906840167,0.01213888428127867,-3.1337004311431507
2.6666666666666665,0,yellow,0.30972766453551137,0.04726125694535343,-3.132239321208086
2.683333333333333,0,yellow,0.3046321497746997,-0.023756761883299966,-3.1282632577260667
2.7,0,yellow,0.2976114301529063,-0.007331579843068885,-3.1239924754511916
2.716666666666667,0,yellow,0.2502807412946691,-0.01578704248967144,-3.1212376024159596
2.7333333333333334,0,yellow,0.2568439772922687,0.007907510220324638,-3.1230813322750572
2.75,0,yellow,0.24438380478652438,0.05101224921805057,-3.126698459863581
2.7666666666666666,0,yellow,0.25163198104711826,0.0176621725171406,-3.130191531591308
2.783333333333333,0,yellow,0.23310010316584182,0.025738959922294868,-3.1279970601863702
2.8,0,yellow,0.22933975084682276,0.03283985114782614,-3.121007292706974
2.8166666666666664,0,yellow,0.19575109045853512,-0.029753584482049893,-3.1147815726206467
2.8333333333333335,0,yellow,0.16816634453244883,-0.011861540146474505,-3.1096193630549394
2.85,0,yellow,0.26306029038741224,-0.009017109398364597,-3.107552422352237
2.8666666666666667,0,yellow,0.2020518793625478,-0.007202336199312712,-3.112118336446268
2.8833333333333333,0,yellow,0.23273112154882217,0.06262845822659215,-3.119103795521256
2.9,0,yellow,0.1424574532416593,-0.01852141490116975,-3.1257217917582087
2.9166666666666665,0,yellow,0.17583635977809947,0.0015135299724884825,-3.1252063100185126
2.933333333333333,0,yellow,0.1455085896165814,0.03248329793751882,-3.119800833218223
2.95,0,yellow,0.15852824256015471,-0.03587069521176545,-3.1143563709967506
2.966666666666667,0,yellow,0.13708381310845838,-0.04256249560593185,-3.1140093457278795
2.9833333333333334,0,yellow,0.14987885480101773,0.015059313628720022,-3.1141666414181035
3.0,0,yellow,0.10541328110043188,-0.02110612908653866,-3.122951522480525
3.0166666666666666,0,yellow,0.13854394218494945,-0.011313815548647181,-3.1358864926301653
3.033333333333333,0,yellow,0.14618591502290743,-0.043493169948315126,-3.1414651916097966
3.05,0,yellow,0.09942571802129518,0.00915646877353041,3.1381927968280436
3.0666666666666664,0,yellow,0.13804287559216608,-0.002281355406555678,3.131547151612037
3.0833333333333335,0,yellow,0.11460034407392602,-0.05600808143625128,3.1217339090907004
3.1,0,yellow,0.13313447343066862,0.0073375726350142995,3.1116659754928007
3.1166666666666667,0,yellow,0.0962665372565348,0.01802561328739279,3.1020805949500394
3.1333333333333333,0,yellow,0.11111603980345525,-9.282863204406605e-06,3.09397848148864
3.15,0,yellow,0.09198053691485009,0.021094732047447443,3.09142754216896
3.1666666666666665,0,yellow,0.11928743288719797,-0.04144154317143482,3.091378194595783
3.183333333333333,0,yellow,0.09002921304254119,0.0027298554880046894,3.0913781945950394
3.2,0,yellow,0.1137570399075325,-0.0007676746080426764,3.0913781930873965
3.216666666666667,0,yellow,0.127384840560874,0.008092877570470315,3.091378192255547
3.2333333333333334,0,yellow,0.13248378199597494,-0.002954480344123227,3.0913781920016774
3.25,0,yellow,0.09159715230211703,0.01094212837067423,3.0913781919577588
3.2666666666666666,0,yellow,0.11715926333148578,-0.022402860111248205,3.091378191948608
3.283333333333333,0,yellow,0.07592780229559283,0.03942747637069172,3.091378191949647
3.3,0,yellow,0.10858275170018446,0.0027795253965256354,3.0913781919496834
3.3166666666666664,0,yellow,0.1301751395949331,-0.021083922000868345,3.0913781919492855
3.3333333333333335,0,yellow,0.11375139572220956,-0.003815494899872447,3.091378191948756
3.35,0,yellow,0.1741560827748552,0.005361901540280881,3.091378191948186
3.3666666666666667,0,yellow,0.12448989824600122,0.007466200655975029,3.091378191947916
3.3833333333333333,0,yellow,0.14654055963282128,0.02714088269637324,3.091378187685608
3.4,0,yellow,0.11061696085488848,0.001701211319925864,3.0913783028056194
3.4166666666666665,0,yellow,0.13482990062154013,0.0033398624626622387,3.0913785629008768
3.433333333333333,0,yellow,0.083603649311048,0.006521321555891789,3.0972200658108875
3.4499999999999997,0,yellow,0.09563542548798436,0.022736389625729037,3.1053810961637147
3.466666666666667,0,yellow,0.0872373186431583,-0.030329368745129457,3.113059301572454
3.4833333333333334,0,yellow,0.12300166259242733,0.018001063151146864,3.1176553870880346
3.5,0,yellow,0.13515565385060102,-0.012613558145738987,3.117820155173197
3.5166666666666666,0,yellow,0.06362826667478111,0.03913717430859277,3.1178201236258207
3.533333333333333,0,yellow,0.12188621742837075,0.022243138208852865,3.117820120418333
3.55,0,yellow,0.125818454957742,-0.018203998032981436,3.117820120296747
3.5666666666666664,0,yellow,0.10729770284754535,0.004040923712501837,3.117820120371814
3.5833333333333335,0,yellow,0.09728707071275913,0.03831910139013521,3.1178201203812623
3.6,0,yellow,0.1733828374601482,0.03138674770406732,3.1178201203776563
3.6166666666666667,0,yellow,0.09187919541739743,0.022712238897227555,3.1178201203734623
3.6333333333333333,0,yellow,0.11469257770604584,0.008069243329036335,3.117820120372617
3.65,0,yellow,0.06090827237251076,0.03336361124067235,3.1178201912219965
3.6666666666666665,0,yellow,0.07051203127916811,0.0020047302632805837,3.117820245562691
3.683333333333333,0,yellow,0.06118947024955682,-0.045155029713563284,3.11782024513598
3.6999999999999997,0,yellow,0.12118623927872953,-0.03429452401604079,3.11782024537239
3.716666666666667,0,yellow,0.11509197131220077,-0.022574689992234255,3.117820245446784
3.7333333333333334,0,yellow,0.10599082216979643,-0.02515129099734467,3.1178202454469996
3.75,0,yellow,0.05385137780374113,-0.006292005142017226,3.1178202454469996
3.7666666666666666,0,yellow,0.10642206656455541,-0.022587787599944273,3.1178202454469996
3.783333333333333,0,yellow,0.0883488912412056,0.034034150470688695,3.1178202454469996
3.8,0,yellow,0.10088114156876712,0.0389943672505255,3.1178202454469996
3.8166666666666664,0,yellow,0.09972226351406549,-0.018074382551816686,3.1178202454469996
3.8333333333333335,0,yellow,0.14029757449593877,-0.025082661801226733,3.1178202454469996
3.85,0,yellow,0.12219784084598975,-0.005529686631354167,3.1178202454469996
3.8666666666666667,0,yellow,0.11954643995775761,-0.019807793644713783,3.1178202454469996
3.8833333333333333,0,yellow,0.09596828109814098,0.01999163210655709,3.117820245447012
3.9,0,yellow,0.16905194133835239,-0.01920869786250908,3.1178202454470227
3.9166666666666665,0,yellow,0.13539448839932827,0.014908650471414646,3.1178202454470316
3.933333333333333,0,yellow,0.11123975243734058,0.0452315429009801,3.1178202454470405
3.9499999999999997,0,yellow,0.11123560895451394,0.013550709166891464,3.1178203610934574
3.966666666666667,0,yellow,0.10976582297156987,-0.029664979302373124,3.1178213166957107
3.9833333333333334,0,yellow,0.10426992135269836,0.01244241390146485,3.117821426347721
4.0,0,yellow,0.13362494039688078,0.01446658276647943,3.1178214530760098
4.016666666666667,0,yellow,0.12665778322277021,0.012079401056489724,3.1178214547339334
4.033333333333333,0,yellow,0.12513320272366749,0.03169270782332881,3.1178214553842345
4.05,0,yellow,0.11638293370125796,-0.042628084852309386,3.1178214555715655
4.066666666666666,0,yellow,0.09731729373326592,-0.009851747020895892,3.117821483443268
4.083333333333333,0,yellow,0.11544212877153928,-0.032857984658351554,3.1178215382339873
4.1,0,yellow,0.08846902740231012,0.06211752283170508,3.1178215377935157
4.116666666666666,0,yellow,0.12073318712705883,-0.02497914886814904,3.1178215380313308
4.133333333333333,0,yellow,0.07853383601265414,-0.03058880504610534,3.1178215381062193
4.15,0,yellow,0.07163832635265222,0.021907879024958332,3.1178215381068597
4.166666666666667,0,yellow,0.14609453038978584,0.008213495566949653,3.1178215381068597
4.183333333333334,0,yellow,0.1445433219113672,-0.0484088530079421,3.1178215381068544
4.2,0,yellow,0.15095161503072438,-0.008463064334860366,3.1178215381068544
4.216666666666667,0,yellow,0.13276045642590614,-0.0319198335719558,3.1178215381068597
4.233333333333333,0,yellow,0.12852989330246947,0.05658457581088385,3.117821512099775
4.25,0,yellow,0.06442037462138345,0.0022609716849171196,3.1178213657170364
4.266666666666667,0,yellow,0.11691537643952687,0.04018634571658338,3.1178211231959105
4.283333333333333,0,yellow,0.0639326568097287,-0.03746142769631965,3.117821096744347
4.3,0,yellow,0.07303773521971893,-0.02188905094901894,3.1178210085672555
4.316666666666666,0,yellow,0.060640274334913036,0.0316336847706958,3.1178209608619207
4.333333333333333,0,yellow,0.11459828129148339,0.017781151397298686,3.1178209610788974
4.35,0,yellow,0.09515660323980013,0.031621515043640434,3.1178209611410193
4.366666666666666,0,yellow,0.0682683620276603,0.017074991286700657,3.11782096112241
4.383333333333333,0,yellow,0.03852151821313318,0.003786296301981745,3.11782096111994
4.4,0,yellow,0.11069372012318852,0.04855369985109553,3.117820961114532
4.416666666666667,0,yellow,0.08184813471727502,0.030163606899100342,3.1178209611145453
4.433333333333334,0,yellow,0.0828860464655646,-0.0087651162726901,3.117820961114541
4.45,0,yellow,0.1324937541067699,-0.002991974791527509,3.117820961114541
4.466666666666667,0,yellow,0.10194861257931834,-0.0007139148714789029,3.117820961114541
4.483333333333333,0,yellow,0.0883938100144053,0.0053223920433747764,3.1178209611145355
4.5,0,yellow,0.0861383691331119,0.021319108905473425,3.1178209611145453
4.516666666666667,0,yellow,0.07625889460109464,-0.05202955042289001,3.1178209611145453
4.533333333333333,0,yellow,0.12888105244221182,0.03915409259977231,3.1178209611145498
4.55,0,yellow,0.11895523029705511,-0.00989551305475939,3.117820961114555
4.566666666666666,0,yellow,0.13752924179505938,0.010488539028455875,3.117820961114555
4.583333333333333,0,yellow,0.07752604114993952,-0.07064513950050286,3.1178209611145586
4.6,0,yellow,0.15109024511835736,-0.014743464456110324,3.117820961114564
4.616666666666666,0,yellow,0.10084547311803448,0.02246705120960478,3.1178209611145586
4.633333333333333,0,yellow,0.11406480702636498,0.002808171382640422,3.117820961114564
4.65,0,yellow,0.11415022098757621,-0.006909722301689754,3.117820961114564
4.666666666666667,0,yellow,0.08300995212592113,-0.0013593310427212314,3.117820961114564
4.683333333333334,0,yellow,0.12238564942746866,-0.021025974776869537,3.117820961114564
4.7,0,yellow,0.14375641245830026,-0.04402302944773384,3.117820961114564
4.716666666666667,0,yellow,0.07552620510885669,-0.042082794448516966,3.117820961114564
4.733333333333333,0,yellow,0.07040489373649741,0.02794653412829257,3.117820961114564
4.75,0,yellow,0.09645643327656443,-0.020692718884390355,3.117820961114564
4.766666666666667,0,yellow,0.08971450613614508,0.009002416929078473,3.117820961114564
4.783333333333333,0,yellow,0.12486395100405911,0.019287741439143167,3.1178209611145693
4.8,0,yellow,0.06260985257640374,-0.030852204507098045,3.1178209611145693
4.816666666666666,0,yellow,0.10206526130977381,-0.01741868957121643,3.1178209611145693
4.833333333333333,0,yellow,0.1204465486137821,0.041620223387733614,3.1178209611145693
4.85,0,yellow,0.08326971285696251,-0.011964803408486518,3.1178209611145693
4.866666666666666,0,yellow,0.13322841085349924,0.033039950951553904,3.1178209611145693
4.883333333333333,0,yellow,0.1375096292577806,-0.0188504548762039,3.1178209611145693
4.9,0,yellow,0.0882052671301216,-0.04837954722026102,3.1178209611145693
4.916666666666667,0,yellow,0.12114193055835695,-0.027543347484509487,3.1178209611145693
4.933333333333334,0,yellow,0.07747700115502625,-0.008002385266416038,3.1178209611145693
4.95,0,yellow,0.1337230873679751,0.03576264067637236,3.1178209611145693
4.966666666666667,0,yellow,0.08728945572836172,-0.00582444346292169,3.1178209611145693
4.983333333333333,0,yellow,0.12191196907759223,-0.012465406620374804,3.1178209611145693
5.0,0,yellow,0.09568428939096567,0.015416120029524128,3.1178209611145693
5.016666666666667,0,yellow,0.08457270644473222,-0.03529526422515727,3.1178209611145693
5.033333333333333,0,yellow,0.09439383457009355,0.0024422155299228003,3.1178209611145693
5.05,0,yellow,0.05262339346121074,-0.025693320893620825,3.1178209611145693
5.066666666666666,0,yellow,0.08770327327333605,0.03082548898914211,3.1178209611145693
5.083333333333333,0,yellow,0.06975411199310255,0.019230611237642196,3.1178209611145693
5.1,0,yellow,0.10970311841758276,-0.021441373886883813,3.1178209611145693
5.116666666666666,0,yellow,0.10416908725904984,-0.029911810720684915,3.1178209611145693
5.133333333333333,0,yellow,0.07487764961615544,-0.02320232323025675,3.1178209611145693
5.15,0,yellow,0.06421311489191171,0.020676719799841283,3.1178209611145693
5.166666666666667,0,yellow,0.10114108221629589,-0.01762239080676169,3.1178209611145693
5.183333333333334,0,yellow,0.0676172980647343,0.04651616462152877,3.1178209611145693
5.2,0,yellow,0.10376643651958717,-0.029846438099999158,3.1178209611145693
5.216666666666667,0,yellow,0.13707302941027644,-0.004198175959712612,3.1178209611145693
5.233333333333333,0,yellow,0.14816035826842497,0.04396026285989391,3.1178209611145693
5.25,0,yellow,0.08514305909945459,0.01151087998512194,3.1178209611145693
5.266666666666667,0,yellow,0.07285038939283058,-0.046189184692780626,3.1178210775179585
5.283333333333333,0,yellow,0.12698180874236265,0.032576700242497245,3.1178228690156935
5.3,0,yellow,0.11829879521992565,0.015228472375669617,3.1178229635302825
5.316666666666666,0,yellow,0.0898196854298409,-0.007392723606480942,3.117822992054057
5.333333333333333,0,yellow,0.09707987112348028,0.018869885631517615,3.117822993697734
5.35,0,yellow,0.11464196240120117,0.01691759847835474,3.117822994336395
5.366666666666666,0,yellow,0.04891435157204369,-0.01445687025089306,3.1178229945190665
5.383333333333333,0,yellow,0.1048494895241088,0.01778738587209044,3.1178229945340377
5.4,0,yellow,0.11762478169004233,-0.005921193907718524,3.1178229945411893
5.416666666666667,0,yellow,0.07044568859685019,0.009274142968737973,3.1178229945415215
5.433333333333334,0,yellow,0.09730714005621802,-0.017173395363724805,3.1178229945416236
5.45,0,yellow,0.09874780865042278,0.023370446788313688,3.117822994541662
5.466666666666667,0,yellow,0.0769629666282491,0.00712929562970441,3.117822994541674
5.483333333333333,0,yellow,0.050138474562070504,0.013310879776010998,3.117822994541674
5.5,0,yellow,0.12215994562964007,0.04609179169411037,3.117822994541674
5.516666666666667,0,yellow,0.0813819945917351,0.025382378516904107,3.117822994541685
5.533333333333333,0,yellow,0.08643869566744947,-0.010491360324858132,3.1178229945416893
5.55,0,yellow,0.13605071531100899,-0.013015998773663625,3.1178229945416938
5.566666666666666,0,yellow,0.09600450340665652,-0.058273609365879324,3.1178229945416938
5.583333333333333,0,yellow,0.07181080595657256,-0.011958853948442018,3.117822994541699
5.6,0,yellow,0.12807426315886605,-0.010681990496016628,3.1178229945417026
5.616666666666666,0,yellow,0.11155516913763783,0.004495848797147868,3.117822994541708
5.633333333333333,0,yellow,0.09480468739480347,0.018441414113870708,3.1178229945417026
5.65,0,yellow,0.10708425194558907,-0.01674510607940964,3.1178229945417026
5.666666666666667,0,yellow,0.08314307941441754,-0.021159532846221848,3.117822994541708
5.683333333333334,0,yellow,0.06825671469229405,0.052853793913554555,3.117822994541708
5.7,0,yellow,0.10473432443215168,-0.02725629601360003,3.1178229945417124
5.716666666666667,0,yellow,0.09610512654807855,0.01594906999918883,3.1178229945417124
5.733333333333333,0,yellow,0.05554271305498072,-0.016151923489033656,3.1178229945417124
5.75,0,yellow,0.09904685438161338,-0.032498974075804946,3.1178229945417124
5.766666666666667,0,yellow,0.09068611234117194,0.01743775819396417,3.1178229945417124
5.783333333333333,0,yellow,0.0800560859271125,-0.009801433405103581,3.1178229945417124
5.8,0,yellow,0.10440745826057565,0.01844989948655639,3.1178229945417124
5.816666666666666,0,yellow,0.044577833046962216,-0.0566162730904311,3.1178229945417124
5.833333333333333,0,yellow,0.10839496132180224,-0.0370904272905107,3.1178229945417124
5.85,0,yellow,0.06195917662410315,-0.02212666206912737,3.1178229945417124
5.866666666666666,0,yellow,0.08794162452449616,0.02764772323903847,3.1178229945417124
5.883333333333333,0,yellow,0.06648206083789422,-0.012017495641129493,3.1178229945417124
5.9,0,yellow,0.11016124304524452,0.03709427859835302,3.1178229945417124
5.916666666666667,0,yellow,0.10236676636384862,-0.036479718529171624,3.1178229945417124
5.933333333333334,0,yellow,0.1468436913106561,-0.027246847310828118,3.1178229945417124
5.95,0,yellow,0.08306288775831709,0.014523788516387316,3.1178229945417124
5.966666666666667,0,yellow,0.11429608327003357,-0.058131171596177894,3.1178229945417124
5.983333333333333,0,yellow,0.10050972940741779,0.005740692672118809,3.1178229945417124
6.0,0,yellow,0.09562896649951313,0.048878205169951644,3.1178229945417124
6.016666666666667,0,yellow,0.13033647902930096,0.0059665989483110695,3.1178229945417124
6.033333333333333,0,yellow,0.11681758637819335,-0.0016426815468421454,3.1178229945417124
6.05,0,yellow,0.0713533246168403,0.0016773989116719594,3.1178229945417124
6.066666666666666,0,yellow,0.08738788261414077,0.014347135076412998,3.1178229945417124
6.083333333333333,0,yellow,0.15273471700904612,0.041431598751049584,3.1178229945417124
6.1,0,yellow,0.06894808740684887,0.004825632600848488,3.1178229945417124
6.116666666666666,0,yellow,0.09261235732922841,-0.00923885668322933,3.1178229945417124
6.133333333333333,0,yellow,0.15116737809348782,0.02382733888694326,3.1178229945417124
6.15,0,yellow,0.11608931996758996,-0.002895368885065693,3.1178229945417124
6.166666666666667,0,yellow,0.09185837341573458,-0.007935294508029336,3.1178229945417124
6.183333333333334,0,yellow,0.11219923196067108,-0.006666943167822291,3.1178229945417124
6.2,0,yellow,0.09881902651799367,0.03310583250775468,3.1178229945417124
6.216666666666667,0,yellow,0.09706439195389538,0.004478720503539197,3.1178229945417124
6.233333333333333,0,yellow,0.07546787653823557,0.01464963678635788,3.1178229945417124
6.25,0,yellow,0.07901733164221264,-0.013645167189328192,3.1178229945417124
6.266666666666667,0,yellow,0.0545792615964069,0.006072819607423043,3.1178229945417124
6.283333333333333,0,yellow,0.12046154368800882,0.02579653708562775,3.1178229945417124
6.3,0,yellow,0.12223326942851107,0.05904947189901953,3.1178229945417124
6.316666666666666,0,yellow,0.06921894056075142,0.011108068269691735,3.1178229945417124
6.333333333333333,0,yellow,0.08409998100929054,-0.006918872962706581,3.1178229945417124
6.35,0,yellow,0.06468280555595612,-0.01971148927785297,3.1178229945417124
6.366666666666666,0,yellow,0.0786881284122147,-0.02290118785999374,3.1178229945417124
6.383333333333333,0,yellow,0.125892562127089,-0.0032056182912526014,3.1178229945417124
6.4,0,yellow,0.12689741629762089,-0.01639344967330077,3.1178229945417124
6.416666666666667,0,yellow,0.09531563459649249,0.007013428801974424,3.1178229945417124
6.433333333333334,0,yellow,0.07375638002503657,0.0175560461673468,3.1178229945417124
6.45,0,yellow,0.08438546152573459,0.00809554972921832,3.1178229945417124
6.466666666666667,0,yellow,0.09070205223455757,-0.01935870669445537,3.1178229945417124
6.483333333333333,0,yellow,0.103194907705911,0.01399858955221972,3.1178229945417124
6.5,0,yellow,0.11138136949434203,0.018952008475936623,3.1178229945417124
6.516666666666667,0,yellow,0.11030938946570543,0.019462829975582043,3.1178229945417124
6.533333333333333,0,yellow,0.06364391698857225,-0.017577655198229486,3.1178229945417124
6.55,0,yellow,0.06222624961916354,0.014327118490576392,3.1178229945417124
6.566666666666666,0,yellow,0.07462510907388528,-0.03629801067570244,3.1178229945417124
6.583333333333333,0,yellow,0.100086903831303,-0.008006956386195445,3.1178229945417124
6.6,0,yellow,0.10207678629174949,-0.05638924102765716,3.1178229945417124
6.616666666666666,0,yellow,0.08641340079509405,0.003255629372515648,3.1178229945417124
6.633333333333333,0,yellow,0.06719387926438107,-0.016497936575360785,3.1178229945417124
6.6499999999999995,0,yellow,0.1182716910248455,-0.015142469153564979,3.1178229945417124
6.666666666666667,0,yellow,0.09526722290542478,-0.029164721465059624,3.1178229945417124
6.683333333333334,0,yellow,0.0715537952011418,0.01551816646754762,3.1178229945417124
6.7,0,yellow,0.10464105704201943,0.06020333387997549,3.1178229945417124
6.716666666666667,0,yellow,0.1510201660929161,-0.027825940048140752,3.1178229945417124
6.733333333333333,0,yellow,0.12473138949429649,-0.04400886758062806,3.1178229945417124
6.75,0,yellow,0.1017300609897386,-0.015752606685435017,3.1178229945417124
6.766666666666667,0,yellow,0.09538444793328338,-0.02070782531517835,3.117823111146709
6.783333333333333,0,yellow,0.06600297625985871,-0.029793423929886785,3.117823443593222
6.8,0,yellow,0.12004056145904354,0.04180703321877851,3.1178235873695535
6.816666666666666,0,yellow,0.1425243747319801,-0.009534985189992665,3.117823666331609
6.833333333333333,0,yellow,0.11650235059209327,-0.01329477250888218,3.117823667191068
6.85,0,yellow,0.0955183582630641,-0.002594805720658143,3.1178236679072757
6.866666666666666,0,yellow,0.06084780210661984,-0.012556490140937225,3.117823652192743
6.883333333333333,0,yellow,0.03281869442091642,0.006574199689251975,3.117823678715908
6.8999999999999995,0,yellow,0.11845116766744017,-0.036969915852829646,3.117823678898459
6.916666666666667,0,yellow,0.04243420214729867,0.022027323665854314,3.11782367912919
6.933333333333334,0,yellow,0.09435188786708547,-0.00350357263248928,3.117823679201707
6.95,0,yellow,0.12608470355149168,0.011519738004535368,3.1178236792028233
6.966666666666667,0,yellow,0.06262831088618148,-0.006178824280747967,3.1178236792028233
6.983333333333333,0,yellow,0.07885408817113564,-0.022958033823679048,3.117823679202819
7.0,0,yellow,0.060106945601629706,0.029478697707068856,3.117823679202819
7.016666666666667,0,yellow,0.09596255013120639,-0.01092674399906799,3.1178236792028233
7.033333333333333,0,yellow,0.10796089189617163,-0.029154549595893486,3.117823679202819
7.05,0,yellow,0.051689809840774044,-0.026236752651525475,3.117823679202819
7.066666666666666,0,yellow,0.06644203970852265,0.01578781271473923,3.1178236792028233
7.083333333333333,0,yellow,0.11431616961894984,-0.0016722468958826036,3.1178236792028233
7.1,0,yellow,0.1023542479172507,-0.009873361545881726,3.117823679202833
7.116666666666666,0,yellow,0.09654000051838116,-0.054344815654557815,3.117823679202843
7.133333333333333,0,yellow,0.13864666385090732,0.027766865786437084,3.1178236792028517
7.1499999999999995,0,yellow,0.09947364867722347,0.00782945144496666,3.117823679202856
7.166666666666667,0,yellow,0.08127628946715634,-0.005104025493761501,3.117823679202866
7.183333333333334,0,yellow,0.046898157133893205,-0.038297124608356964,3.1178236792028704
7.2,0,yellow,0.06580716773716817,0.013365457072421627,3.1178236792028704
7.216666666666667,0,yellow,0.07857947124076022,0.033518326580580404,3.117823679202875
7.233333333333333,0,yellow,0.07107587857476275,-0.014924177603309016,3.11782367920288
7.25,0,yellow,0.10428389788798513,0.04474159507032005,3.11782367920288
7.266666666666667,0,yellow,0.07060005193520018,0.01723787546528687,3.1178236792028846
7.283333333333333,0,yellow,0.12508028418212833,-0.010815528683937911,3.11782367920288
7.3,0,yellow,0.05777991464006286,0.03141143482362812,3.11782367920288
7.316666666666666,0,yellow,0.06540680932519635,0.045921683432632844,3.1178236792028846
7.333333333333333,0,yellow,0.07351682684521525,-0.0050712121073880215,3.1178236792028846
7.35,0,yellow,0.10640199096113367,-0.0196391506100134,3.1178236792028846
7.366666666666666,0,yellow,0.10351685862010894,-0.013574637168334912,3.1178236792028846
7.383333333333333,0,yellow,0.09468505932364249,-0.010275412083347275,3.1178236792028846
7.3999999999999995,0,yellow,0.07552899127505872,-0.0418432485810203,3.1178236792028846
7.416666666666667,0,yellow,0.09987613924393121,0.025987784900204258,3.1178236792028846
7.433333333333334,0,yellow,0.0876284808212351,0.014517457159910476,3.1178236792028846
7.45,0,yellow,0.1244847017017024,-0.016102387232885845,3.1178236792028846
7.466666666666667,0,yellow,0.05967243871069166,0.007597679741980977,3.1178236792028846
7.483333333333333,0,yellow,0.11359655182812424,-0.04048461622906996,3.1178236792028846
7.5,0,yellow,0.10400228676471415,-0.009283756101832429,3.1178236792028846
7.516666666666667,0,yellow,0.08348688689008456,-0.022936190154471327,3.1178236792028846
7.533333333333333,0,yellow,0.0625518703219074,0.012260863090491805,3.1178236792028846
7.55,0,yellow,0.1117844801310432,-0.03082206717108301,3.1178236792028846
7.566666666666666,0,yellow,0.06372515512440809,-0.0026082561420622805,3.1178236792028846
7.583333333333333,0,yellow,0.11282470447933861,-0.01661779832048351,3.1178236792028846
7.6,0,yellow,0.12764023092575905,0.04227884626956798,3.1178236792028846
7.616666666666666,0,yellow,0.09789703395572523,0.03782283332713037,3.1178236792028846
7.633333333333333,0,yellow,0.10316722384325082,-0.039130596270084445,3.1178236792028846
7.6499999999999995,0,yellow,0.06401947215826824,-0.04069782170152432,3.1178236792028846
7.666666666666667,0,yellow,0.09895742074811385,0.024076031156169395,3.1178236792028846
7.683333333333334,0,yellow,0.08680006864615929,0.00026790578363963997,3.1178236792028846
7.7,0,yellow,0.052492680716021006,0.004904015710018061,3.1178236792028846
7.716666666666667,0,yellow,0.14071361467489224,-0.01713572795556694,3.1178236792028846
7.733333333333333,0,yellow,0.056619441521060014,0.027263308845908982,3.1178236792028846
7.75,0,yellow,0.10817195342250553,0.0015954317101917954,3.1178236792028846
7.766666666666667,0,yellow,0.09921747233358245,-0.071050355523056,3.1178236792028846
7.783333333333333,0,yellow,0.05356732890222292,0.017986089885358342,3.1178236792028846
7.8,0,yellow,0.07738675613077503,0.017137267560506566,3.1178236792028846
7.816666666666666,0,yellow,0.12475144134441012,-0.030184970399943806,3.1178236792028846
7.833333333333333,0,yellow,0.12916172189417702,-0.021321054455769747,3.1178236792028846
7.85,0,yellow,0.0844283412304905,0.0021189483163885823,3.1178236792028846
7.866666666666666,0,yellow,0.08992403251158315,-0.018933950855483966,3.1178236792028846
7.883333333333333,0,yellow,0.08936096199631591,-0.0020336911587566582,3.1178236792028846
7.8999999999999995,0,yellow,0.10099609452783585,0.004976592676832972,3.1178236792028846
7.916666666666667,0,yellow,0.09576863737795184,-0.024620308238089438,3.1178236792028846
7.933333333333334,0,yellow,0.0771927003161283,0.020033816256775836,3.1178236792028846
7.95,0,yellow,0.06542051070677712,0.03455247234533896,3.1178236792028846
7.966666666666667,0,yellow,0.07821091445669905,-0.059144255905006944,3.1178236792028846
7.983333333333333,0,yellow,0.1339048824482656,-0.011128143615865565,3.1178236792028846
8.0,0,yellow,0.09272698946802259,0.03465083669243009,3.1178236792028846
8.016666666666666,0,yellow,0.09979968556123707,0.0421127530642388,3.1178236792028846
8.033333333333333,0,yellow,0.11654249740450985,-0.0336599807882315,3.1178236792028846
8.05,0,yellow,0.14652996752655267,-0.02281151095995071,3.1178236792028846
8.066666666666666,0,yellow,0.07097870126958386,-0.01971698061849994,3.1178236792028846
8.083333333333334,0,yellow,0.0770050318691495,-0.0495196015981258,3.1178236792028846
8.1,0,yellow,0.11687991910646668,0.011485293799841232,3.1178236792028846
8.116666666666667,0,yellow,0.08325861886028454,0.010624544705049373,3.1178236792028846
8.133333333333333,0,yellow,0.13218091704316562,0.009870366669297545,3.1178236792028846
8.15,0,yellow,0.0922530464532993,-0.0005439944078885614,3.1178236792028846
8.166666666666666,0,yellow,0.08338420618731095,0.023057876656236008,3.1178236792028846
8.183333333333334,0,yellow,0.048463734183430536,0.014082662939142957,3.1178236792028846
8.2,0,yellow,0.042635097647115386,0.04530225184371579,3.1178236792028846
8.216666666666667,0,yellow,0.10392304186939999,0.0025159840738757325,3.1178236792028846
8.233333333333333,0,yellow,0.09454000675011812,-0.03773583706302737,3.1178236792028846
8.25,0,yellow,0.12559251536879046,-0.013782614967194516,3.1178236792028846
8.266666666666666,0,yellow,0.08704323214700449,0.02723677495675698,3.1178236792028846
8.283333333333333,0,yellow,0.049443918306995516,0.018305225130758603,3.1178236792028846
8.3,0,yellow,0.08144509438758085,0.018374469056764015,3.1178236792028846
8.316666666666666,0,yellow,0.09123640847693223,0.01067029759207658,3.1178236792028846
8.333333333333334,0,yellow,0.10912338272828456,0.02052357501834255,3.1178236792028846
8.35,0,yellow,0.0984158964018586,-0.0735011108485656,3.1178236792028846
8.366666666666667,0,yellow,0.10167138721459483,0.015418095328894595,3.1178236792028846
8.383333333333333,0,yellow,0.06527587310718487,0.01983677035016416,3.1178236792028846
8.4,0,yellow,0.04624366833379652,0.020357316431266828,3.1178236792028846
8.416666666666666,0,yellow,0.12606052268869786,-0.05061961012206793,3.1178236792028846
8.433333333333334,0,yellow,0.11096517595057223,-0.03721187986852737,3.1178236792028846
8.45,0,yellow,0.10059423115740142,-0.01210508534300295,3.1178236792028846
8.466666666666667,0,yellow,0.10536526216162558,-0.008629990355114461,3.1178236792028846
8.483333333333333,0,yellow,0.0997893175948058,-0.0019436776076536858,3.1178236792028846
8.5,0,yellow,0.1033422431007625,0.005613884396868612,3.1178236792028846
8.516666666666666,0,yellow,0.09659904205428214,0.0012085309685012564,3.1178236792028846
8.533333333333333,0,yellow,0.09301180405346215,-0.028866091925951833,3.1178236792028846
8.55,0,yellow,0.09661038539710447,0.01650482069226884,3.1178236792028846
8.566666666666666,0,yellow,0.07436029721941723,0.0026840626268676165,3.1178236792028846
8.583333333333334,0,yellow,0.08762730821255983,-0.011965251450736883,3.1178236792028846
8.6,0,yellow,0.040605739610378236,0.006452291733802262,3.1178236792028846
8.616666666666667,0,yellow,0.057816706656483446,-0.035861307097421316,3.1178236792028846
8.633333333333333,0,yellow,0.12951559341973723,0.020265277260117478,3.1178236792028846
8.65,0,yellow,0.11269282257338739,0.0346383592425929,3.1178236792028846
8.666666666666666,0,yellow,0.1231859130313023,-0.01562806829963065,3.1178236792028846
8.683333333333334,0,yellow,0.1381071811169795,-0.028339649428791087,3.1178236792028846
8.7,0,yellow,0.05995026363005427,-0.007930970428891005,3.1178236792028846
8.716666666666667,0,yellow,0.09961752781166694,0.006422921416191751,3.11782379588848
8.733333333333333,0,yellow,0.07009390096827338,0.004888455918239942,3.117823846560097
8.75,0,yellow,0.09679451474898086,0.020999071099621004,3.117823846765633
8.766666666666666,0,yellow,0.09151175470656442,0.03333327968469643,3.1178238470430273
8.783333333333333,0,yellow,0.1691963494332135,0.0013731394567650474,3.1178238471223567
8.8,0,yellow,0.07916608217997784,-0.002206515838912366,3.11782384713191
8.816666666666666,0,yellow,0.07939431726079918,0.02021948702551048,3.1178238471324935
8.833333333333334,0,yellow,0.07454838014125376,-0.017084891838391646,3.117823867490509
8.85,0,yellow,0.09059170343226565,0.013816159548566775,3.1178239013034634
8.866666666666667,0,yellow,0.13147298666713592,0.011312528818065028,3.1178239005803485
8.883333333333333,0,yellow,0.0863116370393522,-0.008867071684340592,3.1178239007378012
8.9,0,yellow,0.08210714258693369,0.0005816535060589435,3.117823900813791
8.916666666666666,0,yellow,0.049575607905810073,-0.023275771826629835,3.1178239008139634
8.933333333333334,0,yellow,0.12778473195831946,-0.050054880060586227,3.117823900813959
8.95,0,yellow,0.10118272747724136,-0.00352647597527021,3.117823900813959
8.966666666666667,0,yellow,0.0912855337084443,-0.0034188748917443165,3.1178239008139546
8.983333333333333,0,yellow,0.07655424299485558,0.0055503296344197066,3.117823900813959
9.0,0,yellow,0.11144564910275798,-0.011641120461067852,3.1178239008139546
9.016666666666666,0,yellow,0.08743344576896296,-0.012438626408249383,3.117823900813959
9.033333333333333,0,yellow,0.0976772127676835,0.02512673484237978,3.1178239008139546
9.05,0,yellow,0.07184053600712387,-0.03222237574170421,3.117823900813959
9.066666666666666,0,yellow,0.12472143702835811,0.02306394066845894,3.1178239008139688
9.083333333333334,0,yellow,0.08611862829680425,-0.019834963780180695,3.1178239008139776
9.1,0,yellow,0.07758245448880949,-0.033749212310039876,3.117823900813982
9.116666666666667,0,yellow,0.11931596640760211,0.003486005737647589,3.117823900813992
9.133333333333333,0,yellow,0.10059230573720761,0.05170551456533879,3.1178239008139963
9.15,0,yellow,0.06771990880762421,-0.002333760966582424,3.1178239008140007
9.166666666666666,0,yellow,0.041109860927645014,-0.038178376112716864,3.117823900814006
9.183333333333334,0,yellow,0.08323081684321303,-0.01434383649868335,3.1178239008140105
9.2,0,yellow,0.09550508224337635,-0.002541265614783974,3.1178239008140105
9.216666666666667,0,yellow,0.1301905479903428,-0.01750266173132977,3.1178239008140105
9.233333333333333,0,yellow,0.1309245580515462,-0.006903383604058287,3.117823900814015
9.25,0,yellow,0.1262355642232693,0.04236049488794652,3.1178239008140203
9.266666666666666,0,yellow,0.09690108648451834,0.010121210228492862,3.1178240175171883
9.283333333333333,0,yellow,0.10375995235040461,-0.01439032138955368,3.117824350030131
9.3,0,yellow,0.10984119901549497,-0.035828450419015126,3.1186746785537274
9.316666666666666,0,yellow,0.0832116680238345,0.012391084857036432,3.1205179979157975
9.333333333333334,0,yellow,0.1265236802929154,-0.005139680421846053,3.1217768400918784
9.35,0,yellow,0.08034228819996905,0.0037632234082126768,3.1217768535607373
9.366666666666667,0,yellow,0.08341849491860655,0.037011411069095154,3.1217768288404333
9.383333333333333,0,yellow,0.1034314535966458,0.00855570935291084,3.121776826544753
9.4,0,yellow,0.09436753469724349,-0.017032861552407155,3.1217768265280608
9.416666666666666,0,yellow,0.0956565026856425,-0.023401221041589912,3.121776826595668
9.433333333333334,0,yellow,0.0964894376387225,0.005662689579331245,3.121776826600671
9.45,0,yellow,0.06774909164369751,-0.01599273409206994,3.1217768266029573
9.466666666666667,0,yellow,0.10817420771325766,-0.02282853639639905,3.1217768266040444
9.483333333333333,0,yellow,0.09813977199131212,-0.01878617404976464,3.1217768266047834
9.5,0,yellow,0.09574916418593164,-0.031044576235660433,3.1217768266054176
9.516666666666666,0,yellow,0.09658774980652038,0.00796022935467108,3.1217768266059664
9.533333333333333,0,yellow,0.05621458449695621,-0.005163025605331847,3.1217768266060677
9.55,0,yellow,0.10041358858550642,0.0056740664066433875,3.1217768266059833
9.566666666666666,0,yellow,0.0540394139676779,-0.006916976490221183,3.1217768266058714
9.583333333333334,0,yellow,0.07737105615311164,-0.009488705229392894,3.1217768266057764
9.6,0,yellow,0.09060655006119081,0.01003154610428906,3.121776826605698
9.616666666666667,0,yellow,0.07074191360967658,0.002090141668205025,3.121776826605636
9.633333333333333,0,yellow,0.08410054055795493,0.04339501004350347,3.1217768266055916
9.65,0,yellow,0.048268317567768455,-0.031258009289956805,3.1217768266055517
9.666666666666666,0,yellow,0.07802851006774224,-0.03867449219206015,3.1217768266055295
9.683333333333334,0,yellow,0.09554085017245703,-0.0047819149801235595,3.1217768266055073
9.7,0,yellow,0.058752118797035555,0.01555974697762149,3.1217768266054957
9.716666666666667,0,yellow,0.09637754543224883,0.03220469588409491,3.121776826605485
9.733333333333333,0,yellow,0.09011189118820219,0.009446207350957818,3.1217768266054735
9.75,0,yellow,0.023266067291147094,0.012006181375199121,3.1217768266054673
9.766666666666666,0,yellow,0.09285114492136178,0.00032291128305758225,3.121776826605462
9.783333333333333,0,yellow,0.05610712025660403,-0.009497853223501624,3.1217768266054566
9.8,0,yellow,0.09162564119750766,-0.00748096508950461,3.1217768266054513
9.816666666666666,0,yellow,0.05586431536840493,0.004065615433235812,3.1217768266054513
9.833333333333334,0,yellow,0.08867146213541631,-0.006107749430620935,3.1217768266054513
9.85,0,yellow,0.09718675634685109,-0.02575398122523866,3.121776826605445
9.866666666666667,0,yellow,0.13700360518455795,0.03928873446513465,3.121776826605445
9.883333333333333,0,yellow,0.109088574448159,0.001388209559851162,3.121776826605445
9.9,0,yellow,0.10859981190585297,0.0021602302947522274,3.121776826605445
9.916666666666666,0,yellow,0.0818947020691243,-0.027518834158958068,3.121776943628907
9.933333333333334,0,yellow,0.09680948428152426,-0.008156728734878724,3.12177727599296
9.95,0,yellow,0.10146157536736439,0.014388528072006052,3.1217777083217726
9.966666666666667,0,yellow,0.07087181382578583,0.04654139386226347,3.121778127479951
9.983333333333333,0,yellow,0.08164210079793995,0.011496703489261817,3.121778127961629
10.0,0,yellow,0.06412503946074788,-0.01416249739163366,3.1217781286042197
10.016666666666666,0,yellow,0.09433112619215683,-0.018764538348434744,3.121778128796441
10.033333333333333,0,yellow,0.0758481032370884,0.019886498698033203,3.1217781287947712
10.05,0,yellow,0.08117688246771994,0.006390433719652661,3.1217781287836086
10.066666666666666,0,yellow,0.052252964996228064,-0.0026969748304962278,3.1217781287838777
10.083333333333334,0,yellow,0.07167284823510595,0.010895777712666322,3.1217781287839674
10.1,0,yellow,0.08768527545334456,-0.007931092733166258,3.121778128783996
10.116666666666667,0,yellow,0.10510847961949857,-0.009359675368181327,3.121778128784001
10.133333333333333,0,yellow,0.10615525739740546,0.03676407079373948,3.1217781287840065
10.15,0,yellow,0.0963093581896591,0.037345825548420614,3.1217781287840065
10.166666666666666,0,yellow,0.07448479127458718,0.0324330104390512,3.1217781287840065
10.183333333333334,0,yellow,0.10604978207125422,-0.027103335084577157,3.121778128784012
10.2,0,yellow,0.11627798125886046,-0.03890158896946628,3.121778128784018
10.216666666666667,0,yellow,0.08618828575158047,-0.03786286732672665,3.1217781287840234
10.233333333333333,0,yellow,0.12040868663964172,-0.007688695632861051,3.1217781287840234
10.25,0,yellow,0.10391349531531618,-0.006683431150010176,3.1217781287840234
10.266666666666666,0,yellow,0.07351406490557216,-0.061505428438351654,3.1217781287840287
10.283333333333333,0,yellow,0.10665724126297434,0.004290810888111129,3.1217781287840287
10.3,0,yellow,0.09561251271663229,0.0005309077971387291,3.1217781287840287
10.316666666666666,0,yellow,0.0589996730586763,-0.008994287734939837,3.121778128784035
10.333333333333334,0,yellow,0.06032413066585531,-0.012750509883859841,3.121778128784035
10.35,0,yellow,0.08227700161594707,-0.03696977012935779,3.121778128784035
10.366666666666667,0,yellow,0.06927113995810519,-0.0005938200228292419,3.121778128784035
10.383333333333333,0,yellow,0.09396147293850728,-0.027072209393687204,3.121778128784035
10.4,0,yellow,0.09807036173357513,-0.00010576552337782291,3.121778128784035
10.416666666666666,0,yellow,0.09212087144223255,0.0462112693953693,3.1217781287840403
10.433333333333334,0,yellow,0.11456006498049326,-0.0014046945590774809,3.1217781287840403
10.45,0,yellow,0.08571838497293119,-0.04277279206725096,3.1217781287840403
10.466666666666667,0,yellow,0.08641320226451127,-0.03418659119639295,3.1217781287840403
10.483333333333333,0,yellow,0.10033929478659825,-0.018506453681260453,3.1217781287840403
10.5,0,yellow,0.0285496897686811,-0.008806109487508276,3.1217781287840403
10.516666666666666,0,yellow,0.07927653305516755,-0.00963484837413423,3.121778128784035
10.533333333333333,0,yellow,0.06524209989810843,-0.006993119762870293,3.1217781287840287
10.55,0,yellow,0.052566993233402894,-0.0022917939527464753,3.1217781287840287
10.566666666666666,0,yellow,0.11781306958794424,0.0045626253104234776,3.1217781287840287
10.583333333333334,0,yellow,0.1095887338364461,-0.008261596406805235,3.1217781287840287
10.6,0,yellow,0.06279054172108144,-0.04268672379464034,3.1217781287840287
10.616666666666667,0,yellow,0.11129627734833455,-6.140305400453977e-05,3.1217781287840287
10.633333333333333,0,yellow,0.08606766418383062,0.04249264723416749,3.1217781287840287
10.65,0,yellow,0.11019326415484089,-0.003768986879876717,3.1217781287840287
10.666666666666666,0,yellow,0.10715240182811483,0.013650942530547903,3.1217781287840287
10.683333333333334,0,yellow,0.11217263592642866,0.03147701821661526,3.1217781287840287
10.7,0,yellow,0.12218472577517285,-0.03524641658899273,3.1217781287840287
10.716666666666667,0,yellow,0.09513954412571954,0.0278940818422873,3.1217781287840287
10.733333333333333,0,yellow,0.06308130235388146,-0.018448941547718575,3.1217782458530543
10.75,0,yellow,0.06367440037270675,-0.04696596623107805,3.121778578166925
10.766666666666666,0,yellow,0.09533236932887414,-0.000784251118010142,3.121779010758157
10.783333333333333,0,yellow,0.054223955627465084,-0.04036251837674969,3.121779430214085
10.8,0,yellow,0.014517897523437406,-0.05358881749858117,3.1217794306393074
10.816666666666666,0,yellow,0.04719785207943053,-0.027880978850596316,3.121779431271955
10.833333333333334,0,yellow,0.05633105694507587,0.017000228251039896,3.1217794314622775
10.85,0,yellow,0.04884397590640876,0.02974940796095942,3.121779431459924
10.866666666666667,0,yellow,0.0815670311727329,0.009600581296257245,3.1217794314485534
10.883333333333333,0,yellow,0.0920720681907958,0.003451421532068635,3.1217794314488003
10.9,0,yellow,0.024648996126475288,-0.0031411061428070087,3.121779431448884
10.916666666666666,0,yellow,0.09777375254730018,0.020203525128269784,3.1217794314489016
10.933333333333334,0,yellow,0.07004984442042925,-0.01559028496938746,3.121779431448913
10.95,0,yellow,0.09342615639119975,-0.0008703818895592824,3.121779431448913
10.966666666666667,0,yellow,0.08307641373609824,-0.008839008561134318,3.1217794314489176
10.983333333333333,0,yellow,0.0846239498848796,0.060087188228190105,3.1217794314489176
11.0,0,yellow,0.05446866014178143,0.02050978217649482,3.12177943144893
11.016666666666666,0,yellow,0.07127304288929792,-0.0886322717309434,3.1217794314489247
11.033333333333333,0,yellow,0.07586593989307973,-0.010000540108163564,3.12177943144893
11.05,0,yellow,0.0750245687356504,0.015321242460958758,3.1217794314489353
11.066666666666666,0,yellow,0.10194457162111739,0.03059077357492574,3.1217794314489353
11.083333333333334,0,yellow,0.06093748868241464,0.017807806604158358,3.1217794314489407
11.1,0,yellow,0.10091655968559483,0.013353359774503425,3.1217794314489407
11.116666666666667,0,yellow,0.04922989427579443,0.008244721768516879,3.1217794314489353
11.133333333333333,0,yellow,0.05870164981274501,0.004145490182573128,3.1217794314489407
11.15,0,yellow,0.06852508034395322,-0.007062177597286415,3.1217794314489407
11.166666666666666,0,yellow,0.10950228061221662,0.01918571030678195,3.1217794314489407
11.183333333333334,0,yellow,0.11210000250649262,0.006495160607626954,3.1217794314489407
11.2,0,yellow,0.10491057832926404,-0.040731328616610406,3.1217794314489407
11.216666666666667,0,yellow,0.10752319536951313,-0.005339371576666131,3.1217794314489407
11.233333333333333,0,yellow,0.08018357254155398,-0.012784800307858817,3.121779548564631
11.25,0,yellow,0.038298444778865806,-0.0011526048329685242,3.121779880835282
11.266666666666666,0,yellow,0.059369716919291604,0.010996172547775454,3.121780313721466
11.283333333333333,0,yellow,0.08899331005084501,-0.013649597090101225,3.1217807335225762
11.3,0,yellow,0.030075340600292565,-0.013644672700097695,3.1217807338932033
11.316666666666666,0,yellow,0.028231848321234626,-0.02862375931955779,3.1217807345162303
11.333333333333334,0,yellow,0.0640046065763107,-0.011501561035408987,3.1217807347046884
11.35,0,yellow,0.08367164392587394,-0.003966846228462521,3.1217807347024857
11.366666666666667,0,yellow,0.0818028578164498,0.037138744772922824,3.1217807346911313
11.383333333333333,0,yellow,0.09470103934242569,0.016288579444631072,3.121780734691356
11.4,0,yellow,0.03786323210128767,0.028318397419201235,3.121780734691429
11.416666666666666,0,yellow,0.07321397684835136,0.021273474350914097,3.1217807346914572
11.433333333333334,0,yellow,0.045950650345132196,-0.03777902873091531,3.1217807346914626
11.45,0,yellow,0.10272327939019685,0.02282426711426218,3.1217807346914626
11.466666666666667,0,yellow,0.010003098094018809,0.02032264928854069,3.1217807346914626
11.483333333333333,0,yellow,0.05902826795366718,-0.005758946324352919,3.121780734691473
11.5,0,yellow,0.09952066849440026,-0.019953544707314686,3.121780734691473
11.516666666666666,0,yellow,0.10138192733903979,0.008119171639373975,3.121780734691473
11.533333333333333,0,yellow,0.09050073532012927,-0.01398522500294771,3.1217807346914785
11.55,0,yellow,0.09608197050388557,-0.0029822089560667606,3.1217807346914848
11.566666666666666,0,yellow,0.10635802502398167,0.030560764491267395,3.1217807346914785
11.583333333333334,0,yellow,0.10255338205048661,0.08631892431830455,3.1217807346914848
11.6,0,yellow,0.05046128035905978,0.002819495864413893,3.1217807346914848
11.616666666666667,0,yellow,0.1150525920668457,-0.015212440760488742,3.1217807346914848
11.633333333333333,0,yellow,0.06023772018249182,0.002208787487691302,3.1217807346914848
11.65,0,yellow,0.0670072803062281,0.027645002206513995,3.1217807346914848
11.666666666666666,0,yellow,0.04311452203461688,0.0016252758852164863,3.121780734691491
11.683333333333334,0,yellow,0.06837324785763403,0.012230320177760016,3.121780734691491
11.7,0,yellow,0.04125985112033354,-0.014807521902019227,3.121780734691491
11.716666666666667,0,yellow,0.06994265648163103,-0.0013203510299737062,3.121780734691491
11.733333333333333,0,yellow,0.10199454974272744,-0.0013423879391781662,3.121780734691491
11.75,0,yellow,0.10953999168256248,0.010943771486102873,3.121780734691491
11.766666666666666,0,yellow,0.07046093497577416,0.04317582542425942,3.121780734691491
11.783333333333333,0,yellow,0.08814620756005345,0.019782827609833308,3.121780734691491
11.8,0,yellow,0.07832247022917323,0.02233236928586515,3.121780734691491
11.816666666666666,0,yellow,0.07270123077269568,0.017484847603204682,3.121780734691491
11.833333333333334,0,yellow,0.11646803156397287,-0.04125682277273672,3.121780734691491
11.85,0,yellow,0.10114282122715203,0.022217527347551988,3.121780734691491
11.866666666666667,0,yellow,0.09378401293943212,0.0044436367335042755,3.121780734691491
11.883333333333333,0,yellow,0.060062355755060026,-0.02249211224868693,3.121780734691491
11.9,0,yellow,0.09131227901342123,-0.03203928016508048,3.121780734691491
11.916666666666666,0,yellow,0.07596995264041831,0.034099960047763056,3.121780734691491
11.933333333333334,0,yellow,0.07558300736730997,0.029770817734626913,3.121780734691491
11.95,0,yellow,0.06105037779208887,-0.02493763404033099,3.121780734691491
11.966666666666667,0,yellow,0.11762234763301779,0.006355654563774913,3.121780734691491
11.983333333333333,0,yellow,0.05962054275468197,0.0017789657624974965,3.121780734691491
12.0,0,yellow,0.10410088497567842,-0.05377191053000124,3.121780734691491
12.016666666666666,0,yellow,0.1305784598795712,-0.004900559362300528,3.121780734691491
12.033333333333333,0,yellow,0.0915207255902936,0.03947766993829854,3.121780734691491
12.05,0,yellow,0.1297565333131702,-0.009737672458427637,3.121780734691491
12.066666666666666,0,yellow,0.03387641645730562,0.008382491347942708,3.1217808520677464
12.083333333333334,0,yellow,0.10734063337929917,0.009973270668657544,3.1217811843026775
12.1,0,yellow,0.06771980992618362,0.01483667896212991,3.1217816176955697
12.116666666666667,0,yellow,0.06370941748237459,-0.035918180791954094,3.121782038215569
12.133333333333333,0,yellow,0.09676245781652532,-0.04083186715096028,3.12178203854715
12.15,0,yellow,0.0818995657765032,0.0017494106285463617,3.1217820391635893
12.166666666666666,0,yellow,0.1094846738069932,0.005471476439353822,3.1217820393508093
12.183333333333334,0,yellow,0.04615710077611267,0.03568760599146455,3.1217820393491333
12.2,0,yellow,0.05192411656469047,0.043421062834840825,3.1217820393379014
12.216666666666667,0,yellow,0.09910989273694466,-0.030361734573438895,3.1217820393381146
12.233333333333333,0,yellow,0.07640683543201009,-0.0256552493705014,3.1217820393381768
12.25,0,yellow,0.07071089298795825,0.012922896459294255,3.121782039338199
12.266666666666666,0,yellow,0.0647650095095523,-0.005673962094750932,3.1217820393382043
12.283333333333333,0,yellow,0.057243762985927926,-0.038407349844199856,3.121782039338199
12.3,0,yellow,0.08767558112684573,-0.01172552649588064,3.1217820393382043
12.316666666666666,0,yellow,0.08624244009721545,-0.004283586566510643,3.1217820393382043
12.333333333333334,0,yellow,0.10102507626893888,0.015974238043154402,3.1217820393382105
12.35,0,yellow,0.03748804687144952,0.0459250689111426,3.121782039338216
12.366666666666667,0,yellow,0.07509934393253082,-0.02026133132995361,3.121782039338216
12.383333333333333,0,yellow,0.07927923844600923,0.018469549039375484,3.121782039338221
12.4,0,yellow,0.09817849142059473,0.03342684465564097,3.121782039338221
12.416666666666666,0,yellow,0.053117524462591534,-0.021871313826927894,3.121782039338221
12.433333333333334,0,yellow,0.0894961619718301,0.053144782518088234,3.1217820393382265
12.45,0,yellow,0.0851509259601492,-0.017380305720540664,3.1217820393382265
12.466666666666667,0,yellow,0.0541727906037566,-0.0034093312268819766,3.1217820393382265
12.483333333333333,0,yellow,0.08798632764749001,-0.004037631367339143,3.1217820393382327
12.5,0,yellow,0.12774856294494624,-0.006342154446889469,3.121782039338221
12.516666666666666,0,yellow,0.07287103798424088,0.0007447393757158967,3.121782039338221
12.533333333333333,0,yellow,0.11223650990090088,0.019660225335619404,3.121782039338221
12.55,0,yellow,0.08779639055355755,-0.0130558451615954,3.1217820393382265
12.566666666666666,0,yellow,0.05357602124873695,0.0018512226888168846,3.1217820393382265
12.583333333333334,0,yellow,0.045130317801127195,0.010569957610441778,3.1217820393382265
12.6,0,yellow,0.0919081051556456,-0.015266186570140455,3.1217820393382265
12.616666666666667,0,yellow,0.06791525325511648,-0.00859835564126915,3.1217820393382265
12.633333333333333,0,yellow,0.07536236370001821,0.0016089272843458876,3.1217820393382265
12.65,0,yellow,0.008708221617207884,0.0510878567149651,3.1217820393382265
12.666666666666666,0,yellow,0.11269003318118084,0.0005109858132792988,3.1217820393382265
12.683333333333334,0,yellow,0.06162365281225585,-0.00976742127971107,3.1217820393382265
12.7,0,yellow,0.04497950725568453,-0.027708024067788915,3.1217820393382265
12.716666666666667,0,yellow,0.06703473957335335,0.05670335520387675,3.1217820393382265
12.733333333333333,0,yellow,0.0859089233842849,0.0045130584188602775,3.1217820393382265
12.75,0,yellow,0.05875091880577499,-0.003927636995906564,3.1217820393382265
12.766666666666666,0,yellow,0.06400020665149664,0.007765596977727771,3.1217820393382265
12.783333333333333,0,yellow,0.03973603502277954,-0.025627895358903398,3.1217820393382265
12.8,0,yellow,0.10967579563253954,-0.021634652565636726,3.1217820393382265
12.816666666666666,0,yellow,0.10934362201852524,0.01119430351930649,3.1217820393382265
12.833333333333334,0,yellow,0.03135297127585648,-0.010209787311356706,3.1217820393382265
12.85,0,yellow,0.057678733404508145,-0.012635282305187288,3.1217820393382265
12.866666666666667,0,yellow,0.06948953647082391,-0.01984075516302529,3.1217820393382265
12.883333333333333,0,yellow,0.05525969118370637,-0.007960958130195588,3.1217820393382265
12.9,0,yellow,0.13331776302480672,0.03752875163932462,3.1217820393382265
12.916666666666666,0,yellow,0.10242855968575874,0.00040226286902608045,3.1217820393382265
12.933333333333334,0,yellow,0.06506686546137468,-0.019899311176876783,3.1217820393382265
12.95,0,yellow,0.0827870011566158,0.03698553187602198,3.121782156549064
12.966666666666667,0,yellow,0.11207294717529956,0.0036474890119617123,3.121782199575171
12.983333333333333,0,yellow,0.0420943022972737,0.0195291642047868,3.1217821996611796
13.0,0,yellow,0.08334059207107418,0.013777160496001518,3.1217821999155264
13.016666666666666,0,yellow,0.06479395198730012,-0.05657877692538277,3.1217821999911486
13.033333333333333,0,yellow,0.06584593364080038,0.03333449807049091,3.121782199999629
13.049999999999999,0,yellow,0.05264898785460782,0.019421747204762637,3.1217821999999593
13.066666666666666,0,yellow,0.08727456755704649,0.019811495793621015,3.1217822000000215
13.083333333333334,0,yellow,0.07735318250884668,0.011208175724068957,3.1217822000000384
13.1,0,yellow,0.08772364700514779,-0.02486113633496354,3.1217822000000446
13.116666666666667,0,yellow,0.09778133061817128,0.018216688418738722,3.1217822000000446
13.133333333333333,0,yellow,0.049920398744295505,0.0017715759026170014,3.1217822000000446
13.15,0,yellow,0.058211842024303045,0.00955625633000458,3.1217822000000446
13.166666666666666,0,yellow,0.0798730293909523,-0.0025360307380435905,3.12178220000005
13.183333333333334,0,yellow,0.07075337857590032,-0.004830343679368495,3.12178220000005
13.2,0,yellow,0.113727490551206,0.052679829256676504,3.1217822000000552
13.216666666666667,0,yellow,0.036358500965333614,0.06187551907944775,3.12178220000005
13.233333333333333,0,yellow,0.057957583151015776,0.02143108735857369,3.1217822000000552
13.25,0,yellow,0.03875756632323622,0.009443428915319216,3.1217822000000606
13.266666666666666,0,yellow,0.04230699661013208,0.0023025023426853737,3.1217822000000606
13.283333333333333,0,yellow,0.04944084938521656,-0.010768569895603411,3.1217822000000606
13.299999999999999,0,yellow,0.0474041261666792,-0.013966135990855805,3.121782200000066
13.316666666666666,0,yellow,0.06586589943328512,0.0021412371632918035,3.121782200000066
13.333333333333334,0,yellow,0.11498618329707384,0.006754222546120116,3.121782200000066
13.35,0,yellow,0.04756890648457025,0.026158477801508002,3.121782200000066
13.366666666666667,0,yellow,0.04941531315231769,0.049665002656659143,3.121782200000066
13.383333333333333,0,yellow,0.06579124633345837,0.038882456577877686,3.1217822000000606
13.4,0,yellow,0.07994294038002088,0.029255431225889646,3.1217822000000606
13.416666666666666,0,yellow,0.10193151333934335,0.025580388135447676,3.1217822000000606
13.433333333333334,0,yellow,0.06457483703723843,0.026255670680456426,3.1217822000000606
13.45,0,yellow,0.09108616741108677,0.0541073849946824,3.1217822000000606
13.466666666666667,0,yellow,0.04524482940888809,-0.0037027646947548824,3.1217822000000606
13.483333333333333,0,yellow,0.036777853273760354,0.014009698232404036,3.1217822000000606
13.5,0,yellow,0.1488204277165549,-0.016266973702558835,3.1217822000000606
13.516666666666666,0,yellow,0.08751720024940111,0.06803441306360215,3.1217822000000606
13.533333333333333,0,yellow,0.10931539814724224,0.011988261483974074,3.1217822000000606
13.549999999999999,0,yellow,0.04079150848184892,-0.012062705486249553,3.1217823172591848
13.566666666666666,0,yellow,0.06480667303822824,0.053801948610258936,3.122060440187914
13.583333333333334,0,yellow,0.11495621750865878,0.013752128068421427,3.1229382269854353
13.6,0,yellow,0.03785274906092384,0.01480181206064934,3.123153666576897
13.616666666666667,0,yellow,0.03672432409355764,-0.014812335263342353,3.1231536119436276
13.633333333333333,0,yellow,0.07818075333985988,0.00019657638489453688,3.1231536054955242
13.65,0,yellow,0.11985392165796635,0.03771626658114649,3.1231536050220985
13.666666666666666,0,yellow,0.02742473688722142,0.006320039963606582,3.1231536050873103
13.683333333333334,0,yellow,0.0578813458785005,-0.03741577110305394,3.1231536050941813
13.7,0,yellow,0.054100097310199255,-0.010081565469652257,3.123153605095644
13.716666666666667,0,yellow,0.07938777073223796,0.015869375826070526,3.1231536050967827
13.733333333333333,0,yellow,0.056094291075554636,0.034062710788527316,3.123153605097511
13.75,0,yellow,0.06198821813459659,-0.004277159136033418,3.1231536050981434
13.766666666666666,0,yellow,0.024532868744005287,-0.00191869481127298,3.123153605098553
13.783333333333333,0,yellow,0.08226409992940772,-0.0024156913877646548,3.123153605098558
13.799999999999999,0,yellow,0.04593878379737626,-0.0217400357954138,3.123153605098457
13.816666666666666,0,yellow,0.08079250591334483,0.07014020651824017,3.1231536050983486
13.833333333333334,0,yellow,0.06990837013336756,0.012276502910121513,3.1231536050982456
13.85,0,yellow,0.1305798297606791,-0.033871214340384634,3.1231536050981736
13.866666666666667,0,yellow,0.06858680910668016,0.013331904523161603,3.1231536050981195
13.883333333333333,0,yellow,0.06741466235069364,0.0003301341651738242,3.123153605098077
13.9,0,yellow,0.09541355549188524,-0.0012556525276113438,3.1231536050980466
13.916666666666666,0,yellow,0.07772152494606913,-0.02214172158637044,3.1231536050980226
13.933333333333334,0,yellow,0.03395680867110905,-0.04446427187769065,3.1231536050979987
13.95,0,yellow,0.07478181644401664,-0.027476924778851282,3.1231536050979862
13.966666666666667,0,yellow,0.06019390853165118,0.02866775983278696,3.123153605097981
13.983333333333333,0,yellow,0.07590120050203207,-0.002035554961255616,3.1231536050979685
14.0,0,yellow,0.056384499507995095,-0.016018606027333165,3.1231536050979685
14.016666666666666,0,yellow,0.08170812008998307,0.005339007180996746,3.123153605097963
14.033333333333333,0,yellow,0.0632457589580479,-0.015888510596211134,3.123153605097957
14.049999999999999,0,yellow,0.11839804028361298,-0.023702777936250773,3.123153605097957
14.066666666666666,0,yellow,0.0761645237827931,-0.00763501934367152,3.123153605097957
14.083333333333334,0,yellow,0.018114494059865247,0.036923262660932495,3.1231536050979507
14.1,0,yellow,0.11488515717178881,0.026265451424097273,3.1231536050979507
14.116666666666667,0,yellow,0.10405981975825213,0.03919840104592115,3.1231536050979507
14.133333333333333,0,yellow,0.027210574649382084,-0.00579947129781608,3.1231536050979507
14.15,0,yellow,0.07955246861969739,-0.006406519641368749,3.1231536050979507
14.166666666666666,0,yellow,0.06393007565561853,0.03333864228285096,3.1231536050979507
14.183333333333334,0,yellow,0.015190517905287276,0.005698095764641602,3.1231536050979507
14.2,0,yellow,0.06336469022684599,-0.027856125923810753,3.1231536050979507
14.216666666666667,0,yellow,0.06433381429733732,-0.017287858777392008,3.1231536050979507
14.233333333333333,0,yellow,0.06249768316577007,-0.025908807214321223,3.1231536050979507
14.25,0,yellow,0.06247465405094256,0.012515215581321156,3.1231536050979507
14.266666666666666,0,yellow,0.07163853921021662,0.0005501645467781236,3.1231536050979507
14.283333333333333,0,yellow,0.03193048497843365,0.02151316790348049,3.1231536050979507
14.299999999999999,0,yellow,0.08457863182312404,0.0242060658858352,3.1231536050979507
14.316666666666666,0,yellow,0.10385714993875905,0.03960668843547332,3.1231536050979507
14.333333333333334,0,yellow,0.04668735833117797,0.01920938404156914,3.1231536050979507
14.35,0,yellow,0.027388021000507815,-0.004694004498651001,3.1231536050979507
14.366666666666667,0,yellow,0.07164650897196595,-0.039860323557264314,3.1231536050979507
14.383333333333333,0,yellow,0.08432844510460052,0.012074232309007603,3.1231536050979507
14.4,0,yellow,0.041284363399109084,0.007270616553193029,3.1231536050979507
14.416666666666666,0,yellow,0.07498007935669893,-0.03722313591396881,3.1231536050979507
14.433333333333334,0,yellow,0.05435123902625734,0.004075890605515284,3.1231536050979507
14.45,0,yellow,0.021321705605162077,0.003057089823043716,3.1231536050979507
14.466666666666667,0,yellow,0.05819238923001682,0.02125171582445486,3.1231536050979507
14.483333333333333,0,yellow,0.039469547660318315,-0.029413966520466232,3.1231536050979507
14.5,0,yellow,0.11099673329230517,0.010406229252801498,3.1231536050979507
14.516666666666666,0,yellow,0.07635255786634793,0.0008119570203511311,3.1231536050979507
14.533333333333333,0,yellow,0.058197501682249464,0.03304542513536751,3.1231536050979507
14.549999999999999,0,yellow,0.052706384769981005,0.018867632207692733,3.1231536050979507
14.566666666666666,0,yellow,0.10250892913129644,0.016284436117262387,3.1231536050979507
14.583333333333334,0,yellow,0.06680783230500068,-0.024370458916472663,3.1231536050979507
14.6,0,yellow,0.09338515047848242,0.026967544700282745,3.1231536050979507
14.616666666666667,0,yellow,0.05291931342488741,0.02614607261862215,3.1231536050979507
14.633333333333333,0,yellow,0.04469353152876324,-0.01624527756941119,3.1231536050979507
14.65,0,yellow,0.0766514100288456,-0.018081914814856548,3.1231536050979507
14.666666666666666,0,yellow,0.0445603765826703,-0.03488290460372373,3.1231536050979507
14.683333333333334,0,yellow,0.07960564343133879,-0.0055424930115449455,3.1231536050979507
14.7,0,yellow,0.05336961615757254,0.011264795691888402,3.1231536050979507
14.716666666666667,0,yellow,0.07681933550737241,-0.004008897693576668,3.1231536050979507
14.733333333333333,0,yellow,0.0971619260152771,0.037363222335485245,3.1231536050979507
14.75,0,yellow,0.09260124285872297,0.016836803172919326,3.1231536050979507
14.766666666666666,0,yellow,0.053812687175463905,-0.028133002965203022,3.1231536050979507
14.783333333333333,0,yellow,0.07098497351166647,-0.0007616308566763806,3.1231536050979507
14.799999999999999,0,yellow,0.01758840801043106,-0.042194004559001345,3.1231536050979507
14.816666666666666,0,yellow,0.09198168085163058,-0.0020910045481442856,3.1231536050979507
14.833333333333334,0,yellow,0.06642324468350093,0.007604854633417195,3.1231536050979507
14.85,0,yellow,0.10259865602442314,0.030531244488768285,3.1231536050979507
14.866666666666667,0,yellow,0.055853613850193475,0.01189793859615437,3.1231536050979507
14.883333333333333,0,yellow,0.15393898674764017,0.002084080794015154,3.1231536050979507
14.9,0,yellow,0.09283605230033351,0.0034460125528657883,3.1231536050979507
14.916666666666666,0,yellow,0.0762099062101523,0.03959619871314205,3.1231536050979507
14.933333333333334,0,yellow,0.04818619324068171,0.058043310649760885,3.1231537228464337
14.95,0,yellow,0.07911243512553534,-0.01583084354391542,3.1231540550375563
14.966666666666667,0,yellow,0.09563608927686715,0.01917996321992512,3.123154593711165
14.983333333333333,0,yellow,0.07579757872942668,0.02015253395219983,3.123155012568281
15.0,0,yellow,0.10654274485516994,0.001405029548534898,3.123155012757584
15.016666666666666,0,yellow,0.10836989845491163,0.09009022925040086,3.123155013345622
15.033333333333333,0,yellow,0.11887057112708964,0.00492390031532759,3.123155013526688
15.049999999999999,0,yellow,0.07016160425332127,-0.017221523549187028,3.123155095069718
15.066666666666666,0,yellow,0.0633714489586083,0.02503558226837775,3.1241745200606648
15.083333333333334,0,yellow,0.07669408127274059,-0.0027653439296199773,3.1265989623903483
15.1,0,yellow,0.04796385612183266,0.016292003256490294,3.1285362185668983
15.116666666666667,0,yellow,0.05679782713175607,-0.03764564996473615,3.129975692569557
15.133333333333333,0,yellow,0.08553427710982886,0.01893974954454545,3.1301012332936224
15.15,0,yellow,0.08511592289522907,-0.046043612759365804,3.13010119553927
15.166666666666666,0,yellow,0.05982663054830997,0.019272289907818076,3.130101191968901
15.183333333333334,0,yellow,0.03733419409270303,0.016211329173729434,3.130101191892779
15.2,0,yellow,0.10294559747436893,0.03282303601181254,3.1301011920095565
15.216666666666667,0,yellow,0.08079152841157466,-0.005968699773650115,3.130101192027798
15.233333333333333,0,yellow,0.02895450920664449,-0.019414826875471625,3.1301011920314306
15.25,0,yellow,0.020247986785339234,0.021399814413417095,3.130101192032928
15.266666666666666,0,yellow,0.04567237953164207,-0.03406629615513807,3.1301011920337976
15.283333333333333,0,yellow,0.07956370026950134,-0.0038354877212245283,3.1301011920344735
15.299999999999999,0,yellow,0.08681131602830977,0.014435716440457722,3.1301011920350916
15.316666666666666,0,yellow,0.045376212484800255,-0.015175203505884048,3.1301011920353723
15.333333333333334,0,yellow,0.053507744368585464,0.0056521236885131,3.1301011920353243
15.35,0,yellow,0.12393208743864059,-0.011822981233059806,3.1301011920352177
15.366666666666667,0,yellow,0.009258256488251827,-0.0113390530357507,3.1301011920351023
15.383333333333333,0,yellow,0.08760782833471706,-0.04157829615351745,3.1301011920350152
15.4,0,yellow,0.05161824398119792,-0.016786500749427443,3.1301011920349477
15.416666666666666,0,yellow,0.045703653043039014,0.039722290760180086,3.130101192034889
15.433333333333334,0,yellow,0.0857188584204894,0.013770501904863095,3.13010119203485
15.45,0,yellow,0.05563873947056064,0.014513484591827394,3.1301011920348216
15.466666666666667,0,yellow,0.10519591902813279,0.03272924367534267,3.130101192034802
15.483333333333333,0,yellow,0.04858282029596859,-0.001034704723370901,3.1301011920347825
15.5,0,yellow,0.04836947061362255,-0.0010021577693170962,3.1301011920347737
15.516666666666666,0,yellow,0.06919333848412565,0.02690585833482055,3.130101192034764
15.533333333333333,0,yellow,0.09033377035997478,-0.02260169567077562,3.130101192034754
15.549999999999999,0,yellow,0.07538958786100858,0.027959439823533053,3.130101192034754
15.566666666666666,0,yellow,0.021631060558310752,-0.023264057521133405,3.1301011920347435
15.583333333333334,0,yellow,0.030719365029590356,-0.0016353163531580455,3.1301011920347435
15.6,0,yellow,0.042182026258634264,-0.008169239529379825,3.1301011920347435
15.616666666666667,0,yellow,0.03428655845947166,0.0019759573869518516,3.1301011920347435
15.633333333333333,0,yellow,0.03323413913810655,0.010968141301601357,3.1301011920347346
15.65,0,yellow,0.09531519017015802,0.013541426156678311,3.1301011920347346
15.666666666666666,0,yellow,0.08338901914733089,-0.006761331013434624,3.1301011920347346
15.683333333333334,0,yellow,0.08222439522205491,-0.04773785455725245,3.1301011920347346
15.7,0,yellow,0.03758393590590069,-0.010941258338733897,3.1301011920347346
15.716666666666667,0,yellow,0.021219797505298732,0.04184530995846666,3.1301011920347346
15.733333333333333,0,yellow,0.08928681397728754,0.024515849118702148,3.1301011920347346
15.75,0,yellow,0.05212267665504348,-0.02094405807253316,3.1301011920347346
15.766666666666666,0,yellow,0.07461590751510819,-0.044362684800709186,3.1301011920347346
15.783333333333333,0,yellow,0.08434034886353797,-0.015033888486343887,3.1301011920347346
15.799999999999999,0,yellow,0.05595041063571244,-0.020365062366909686,3.1301011920347346
15.816666666666666,0,yellow,0.05430659432900842,0.04569762908607777,3.1301011920347346
15.833333333333334,0,yellow,0.08354582237144154,0.011410841370214373,3.1301011920347346
15.85,0,yellow,0.0657314541126231,-0.02656735020009201,3.1301011920347346
15.866666666666667,0,yellow,0.06591085713699718,-0.007639480916142441,3.1301011920347346
15.883333333333333,0,yellow,0.057176228356399024,0.005549036422190451,3.1301011920347346
15.9,0,yellow,0.07467675154442874,-0.003449038769394693,3.1301011920347346
15.916666666666666,0,yellow,0.03079894801532676,-0.02374291796155641,3.1301011920347346
15.933333333333334,0,yellow,0.04826337545001534,-0.03832187664714655,3.1301011920347346
15.95,0,yellow,0.04098084891672054,0.04974219620241299,3.1301011920347346
15.966666666666667,0,yellow,0.06312809768335205,0.024422499492760222,3.1301011920347346
15.983333333333333,0,yellow,0.06479132008907657,0.0026526332752116106,3.1301011920347346
16.0,0,yellow,0.06482319818335258,0.05984867428357835,3.1301011920347346
16.016666666666666,0,yellow,0.05439350580148325,0.018527754184943228,3.1301011920347346
16.03333333333333,0,yellow,-0.0017115682913192917,0.008447264331664808,3.1301011920347346
16.05,0,yellow,0.029463365827578934,0.0007427237531157963,3.1301011920347346
16.066666666666666,0,yellow,0.07038179679369237,-0.05848517738553318,3.1301011920347346
16.083333333333332,0,yellow,0.03217753744630428,-0.03697268766464925,3.1301011920347346
16.1,0,yellow,0.10295590835791474,0.00611671646773925,3.1301011920347346
16.116666666666667,0,yellow,0.12444681943990248,0.007493994963453784,3.1301011920347346
16.133333333333333,0,yellow,0.05499585042699731,-0.014769320150555206,3.1301011920347346
16.15,0,yellow,0.03390758462740483,-0.008116957333450997,3.1301011920347346
16.166666666666668,0,yellow,-0.000507950455631373,0.015291433716397976,3.1301010741480937
16.183333333333334,0,yellow,0.07109363594571927,0.0001603895157009209,3.130101022771318
16.2,0,yellow,0.06219337735252642,-0.07183605704262175,3.1301010229359765
16.216666666666665,0,yellow,0.0848017131912259,0.014490172989044897,3.1301010227064037
16.233333333333334,0,yellow,0.05713767760383432,-0.006740560705262581,3.1301010226348325
16.25,0,yellow,0.010963584404793954,-0.011388654788419833,3.130101022627538
16.266666666666666,0,yellow,0.0889290582338918,0.06124808626773309,3.13010102262748
16.28333333333333,0,yellow,0.06092407895758041,0.04095153570140638,3.13010102262748
16.3,0,yellow,0.0383786051504653,-0.011988941278712861,3.130101022627489
16.316666666666666,0,yellow,0.07816808694294909,0.011265444454147842,3.13010102262748
16.333333333333332,0,yellow,0.07118107718496151,0.03269590028535704,3.13010102262748
16.35,0,yellow,0.05118757482324908,-0.0016434474284073766,3.13010102262748
16.366666666666667,0,yellow,0.09194781372147046,0.06698515067250062,3.13010102262748
16.383333333333333,0,yellow,0.029835587035742496,-0.0028291180111892677,3.13010102262748
16.4,0,yellow,0.051388887181524685,0.012778389936483626,3.130101022627489
16.416666666666668,0,yellow,0.05589314574932844,0.0082538621635919,3.130101022627489
16.433333333333334,0,yellow,0.07018842791645931,0.0127427230910175,3.130101022627489
16.45,0,yellow,0.08628767579915227,0.0518380040823807,3.130101022627489
16.466666666666665,0,yellow,0.07205788882750037,0.005624917987060608,3.130101022627489
16.483333333333334,0,yellow,0.06112240153286342,0.006481247707986233,3.130101022627489
16.5,0,yellow,0.03649454669754539,-0.007483893384809148,3.130101022627489
16.516666666666666,0,yellow,0.07994269283266196,0.05067014986211026,3.130101022627489
16.53333333333333,0,yellow,0.05818454008395256,0.006076301139428743,3.130101022627489
16.55,0,yellow,0.06623815882229567,0.015283460532162564,3.130101022627489
16.566666666666666,0,yellow,0.03333465078930685,-0.007566268978766982,3.130101022627489
16.583333333333332,0,yellow,0.09159919173637163,-0.020998613496482268,3.130101022627489
16.6,0,yellow,0.04861553804022616,0.011653616667027666,3.130101022627489
16.616666666666667,0,yellow,0.08800768648959112,0.04759114101743186,3.130101022627489
16.633333333333333,0,yellow,0.06455226115707478,0.03957671144963932,3.130101022627489
16.65,0,yellow,0.09074251526551672,-0.00027979934031573594,3.130101022627489
